sample	set	strains	IPTG	antibiotic	dose	timepoint	OD final	count	spacer	locus tag	unique name	timing	replicate	proportion
AC1	1	NT+murA	0	none		T0A	0.16	869	AATATCCTTAAAAAACCAGA			T0	A	0.483853006681514
AC1	1	NT+murA	0	none		T0A	0.16	927	AGAATCATTGCCGCAAGTAA	GO593_09595	murA	T0	A	0.516146993318486
AC2	1	NT+murA	0	none		T0B	0.16	1914	AATATCCTTAAAAAACCAGA			T0	B	0.492790937178167
AC2	1	NT+murA	0	none		T0B	0.16	1970	AGAATCATTGCCGCAAGTAA	GO593_09595	murA	T0	B	0.507209062821833
AC3	1	NT+murA	1	none		T1A-	2.42	676	AATATCCTTAAAAAACCAGA			T1	A	0.757847533632287
AC3	1	NT+murA	1	none		T1A-	2.42	216	AGAATCATTGCCGCAAGTAA	GO593_09595	murA	T1	A	0.242152466367713
AC4	1	NT+murA	1	none		T1B-	2.55	3800	AATATCCTTAAAAAACCAGA			T1	B	0.714688734248636
AC4	1	NT+murA	1	none		T1B-	2.55	1517	AGAATCATTGCCGCAAGTAA	GO593_09595	murA	T1	B	0.285311265751364
AC5	1	NT+murA	1	imipenem	0.09	T1A+	2.15	687	AATATCCTTAAAAAACCAGA			T1	A	0.97724039829303
AC5	1	NT+murA	1	imipenem	0.09	T1A+	2.15	16	AGAATCATTGCCGCAAGTAA	GO593_09595	murA	T1	A	0.0227596017069701
AC6	1	NT+murA	1	imipenem	0.09	T1B+	1.76	2029	AATATCCTTAAAAAACCAGA			T1	B	0.980193236714976
AC6	1	NT+murA	1	imipenem	0.09	T1B+	1.76	41	AGAATCATTGCCGCAAGTAA	GO593_09595	murA	T1	B	0.0198067632850242
AC7	1	NT+murA	1	none		T2A-	2.65	1018	AATATCCTTAAAAAACCAGA			T2	A	1
AC7	1	NT+murA	1	none		T2A-	2.65	0	AGAATCATTGCCGCAAGTAA	GO593_09595	murA	T2	A	0
AC8	1	NT+murA	1	none		T2B-	2.98	91	AATATCCTTAAAAAACCAGA			T2	B	1
AC8	1	NT+murA	1	none		T2B-	2.98	0	AGAATCATTGCCGCAAGTAA	GO593_09595	murA	T2	B	0
AC9	1	NT+murA	1	imipenem	0.09	T2A+	2.16	1548	AATATCCTTAAAAAACCAGA			T2	A	1
AC9	1	NT+murA	1	imipenem	0.09	T2A+	2.16	0	AGAATCATTGCCGCAAGTAA	GO593_09595	murA	T2	A	0
AC10	1	NT+murA	1	imipenem	0.09	T2B+	2.12	4784	AATATCCTTAAAAAACCAGA			T2	B	1
AC10	1	NT+murA	1	imipenem	0.09	T2B+	2.12	0	AGAATCATTGCCGCAAGTAA	GO593_09595	murA	T2	B	0
AC11	2	NT+glnS	1	none		T0A	0.16	773	AATATCCTTAAAAAACCAGA			T0	A	0.480422622747048
AC11	2	NT+glnS	1	none		T0A	0.16	836	TTGCTGCGCAGAATCGACAG	GO593_18295	glnS	T0	A	0.519577377252952
AC12	2	NT+glnS	1	none		T0B	0.16	1052	AATATCCTTAAAAAACCAGA			T0	B	0.479708162334701
AC12	2	NT+glnS	1	none		T0B	0.16	1141	TTGCTGCGCAGAATCGACAG	GO593_18295	glnS	T0	B	0.520291837665299
AC13	2	NT+glnS	1	none		T1A-	2.55	97	AATATCCTTAAAAAACCAGA			T1	A	0.510526315789474
AC13	2	NT+glnS	1	none		T1A-	2.55	93	TTGCTGCGCAGAATCGACAG	GO593_18295	glnS	T1	A	0.489473684210526
AC14	2	NT+glnS	1	none		T1B-	2.87	85	AATATCCTTAAAAAACCAGA			T1	B	0.474860335195531
AC14	2	NT+glnS	1	none		T1B-	2.87	94	TTGCTGCGCAGAATCGACAG	GO593_18295	glnS	T1	B	0.525139664804469
AC15	2	NT+glnS	1	imipenem	0.09	T1A+	1.89	197	AATATCCTTAAAAAACCAGA			T1	A	0.305426356589147
AC15	2	NT+glnS	1	imipenem	0.09	T1A+	1.89	448	TTGCTGCGCAGAATCGACAG	GO593_18295	glnS	T1	A	0.694573643410853
AC16	2	NT+glnS	1	imipenem	0.09	T1B+	1.46	144	AATATCCTTAAAAAACCAGA			T1	B	0.327272727272727
AC16	2	NT+glnS	1	imipenem	0.09	T1B+	1.46	296	TTGCTGCGCAGAATCGACAG	GO593_18295	glnS	T1	B	0.672727272727273
AC17	2	NT+glnS	1	none		T2A-	2.87	5034	AATATCCTTAAAAAACCAGA			T2	A	0.670484816196057
AC17	2	NT+glnS	1	none		T2A-	2.87	2474	TTGCTGCGCAGAATCGACAG	GO593_18295	glnS	T2	A	0.329515183803942
AC18	2	NT+glnS	1	none		T2B-	2.68	1733	AATATCCTTAAAAAACCAGA			T2	B	0.667051578137029
AC18	2	NT+glnS	1	none		T2B-	2.68	865	TTGCTGCGCAGAATCGACAG	GO593_18295	glnS	T2	B	0.332948421862972
AC19	2	NT+glnS	1	imipenem	0.09	T2A+	1.91	162	AATATCCTTAAAAAACCAGA			T2	A	0.088139281828074
AC19	2	NT+glnS	1	imipenem	0.09	T2A+	1.91	1676	TTGCTGCGCAGAATCGACAG	GO593_18295	glnS	T2	A	0.911860718171926
AC20	2	NT+glnS	1	imipenem	0.09	T2B+	2	187	AATATCCTTAAAAAACCAGA			T2	B	0.139344262295082
AC20	2	NT+glnS	1	imipenem	0.09	T2B+	2	1155	TTGCTGCGCAGAATCGACAG	GO593_18295	glnS	T2	B	0.860655737704918
AC21	3	NT+nuoB	0	none		T0A	0.2	506	AATATCCTTAAAAAACCAGA			T0	A	0.49705304518664
AC21	3	NT+nuoB	0	none		T0A	0.2	512	ACAATTTGACGATCTTGCAA	GO593_09950	nuoB	T0	A	0.502946954813359
AC22	3	NT+nuoB	0	none		T0B	0.2	459	AATATCCTTAAAAAACCAGA			T0	B	0.482649842271293
AC22	3	NT+nuoB	0	none		T0B	0.2	492	ACAATTTGACGATCTTGCAA	GO593_09950	nuoB	T0	B	0.517350157728707
AC23	3	NT+nuoB	1	none		T1A-	2.98	1062	AATATCCTTAAAAAACCAGA			T1	A	0.745786516853933
AC23	3	NT+nuoB	1	none		T1A-	2.98	362	ACAATTTGACGATCTTGCAA	GO593_09950	nuoB	T1	A	0.254213483146067
AC24	3	NT+nuoB	1	none		T1B-	2.52	872	AATATCCTTAAAAAACCAGA			T1	B	0.775800711743772
AC24	3	NT+nuoB	1	none		T1B-	2.52	252	ACAATTTGACGATCTTGCAA	GO593_09950	nuoB	T1	B	0.224199288256228
AC25	3	NT+nuoB	1	colistin	0.4	T1A+	2.05	600	AATATCCTTAAAAAACCAGA			T1	A	1
AC25	3	NT+nuoB	1	colistin	0.4	T1A+	2.05	0	AGAATCATTGCCGCAAGTAA	GO593_09950	nuoB	T1	A	0
AC26	3	NT+nuoB	1	colistin	0.4	T1B+	2.06	857	AATATCCTTAAAAAACCAGA			T1	B	1
AC26	3	NT+nuoB	1	colistin	0.4	T1B+	2.06	0	AGAATCATTGCCGCAAGTAA	GO593_09950	nuoB	T1	B	0
AC27	3	NT+nuoB	1	none		T2A-	2.93	645	AATATCCTTAAAAAACCAGA			T2	A	0.893351800554017
AC27	3	NT+nuoB	1	none		T2A-	2.93	77	ACAATTTGACGATCTTGCAA	GO593_09950	nuoB	T2	A	0.106648199445983
AC28	3	NT+nuoB	1	none		T2B-	2.6	590	AATATCCTTAAAAAACCAGA			T2	B	0.896656534954407
AC28	3	NT+nuoB	1	none		T2B-	2.6	68	ACAATTTGACGATCTTGCAA	GO593_09950	nuoB	T2	B	0.103343465045593
AC29	3	NT+nuoB	1	colistin	0.4	T2A+	2.9	958	AATATCCTTAAAAAACCAGA			T2	A	1
AC29	3	NT+nuoB	1	colistin	0.4	T2A+	2.9	0	AGAATCATTGCCGCAAGTAA	GO593_09950	nuoB	T2	A	0
AC30	3	NT+nuoB	1	colistin	0.4	T2B+	2.75	1699	AATATCCTTAAAAAACCAGA			T2	B	1
AC30	3	NT+nuoB	1	colistin	0.4	T2B+	2.75	0	AGAATCATTGCCGCAAGTAA	GO593_09950	nuoB	T2	B	0
AC31	4	NT+lpxC	1	none		T0A	0.22	415	AATATCCTTAAAAAACCAGA			T0	A	0.48651817116061
AC31	4	NT+lpxC	1	none		T0A	0.22	438	CCAGCACTACCATCCATAAT	GO593_05480	lpxC	T0	A	0.51348182883939
AC32	4	NT+lpxC	1	none		T0B	0.22	324	AATATCCTTAAAAAACCAGA			T0	B	0.474377745241581
AC32	4	NT+lpxC	1	none		T0B	0.22	359	CCAGCACTACCATCCATAAT	GO593_05480	lpxC	T0	B	0.525622254758419
AC33	4	NT+lpxC	1	none		T1A-	2.52	598	AATATCCTTAAAAAACCAGA			T1	A	0.592666005946482
AC33	4	NT+lpxC	1	none		T1A-	2.52	411	CCAGCACTACCATCCATAAT	GO593_05480	lpxC	T1	A	0.407333994053518
AC34	4	NT+lpxC	1	none		T1B-	2.51	261	AATATCCTTAAAAAACCAGA			T1	B	0.540372670807453
AC34	4	NT+lpxC	1	none		T1B-	2.51	222	CCAGCACTACCATCCATAAT	GO593_05480	lpxC	T1	B	0.459627329192547
AC35	4	NT+lpxC	1	colistin	0.4	T1A+	2.6	135	AATATCCTTAAAAAACCAGA			T1	A	0.103132161955691
AC35	4	NT+lpxC	1	colistin	0.4	T1A+	2.6	1174	CCAGCACTACCATCCATAAT	GO593_05480	lpxC	T1	A	0.896867838044309
AC36	4	NT+lpxC	1	colistin	0.4	T1B+	2.22	62	AATATCCTTAAAAAACCAGA			T1	B	0.0691964285714286
AC36	4	NT+lpxC	1	colistin	0.4	T1B+	2.22	834	CCAGCACTACCATCCATAAT	GO593_05480	lpxC	T1	B	0.930803571428571
AC37	4	NT+lpxC	1	none	0.4	T2A-	2.87	471	AATATCCTTAAAAAACCAGA			T2	A	0.671897289586305
AC37	4	NT+lpxC	1	none	0.4	T2A-	2.87	230	CCAGCACTACCATCCATAAT	GO593_05480	lpxC	T2	A	0.328102710413695
AC38	4	NT+lpxC	1	none		T2B-	2.78	1066	AATATCCTTAAAAAACCAGA			T2	B	0.657213316892725
AC38	4	NT+lpxC	1	none		T2B-	2.78	556	CCAGCACTACCATCCATAAT	GO593_05480	lpxC	T2	B	0.342786683107275
AC39	4	NT+lpxC	1	colistin	0.4	T2A+	2.62	35	AATATCCTTAAAAAACCAGA			T2	A	0.0407925407925408
AC39	4	NT+lpxC	1	colistin	0.4	T2A+	2.62	823	CCAGCACTACCATCCATAAT	GO593_05480	lpxC	T2	A	0.959207459207459
AC40	4	NT+lpxC	1	colistin	0.4	T2B+	2.68	53	AATATCCTTAAAAAACCAGA			T2	B	0.0579868708971554
AC40	4	NT+lpxC	1	colistin	0.4	T2B+	2.68	861	CCAGCACTACCATCCATAAT	GO593_05480	lpxC	T2	B	0.942013129102845
AC61	5	NT+nuoB	0	none		T0A		183	AATATCCTTAAAAAACCAGA			T0	A	0.504132231404959
AC61	5	NT+nuoB	0	none		T0A		180	ACAATTTGACGATCTTGCAA	GO593_09950	nuoB	T0	A	0.495867768595041
AC62	5	NT+nuoB	0	none		T0B		487	AATATCCTTAAAAAACCAGA			T0	B	0.491422805247225
AC62	5	NT+nuoB	0	none		T0B		504	ACAATTTGACGATCTTGCAA	GO593_09950	nuoB	T0	B	0.508577194752775
AC63	5	NT+nuoB	1	none		T1A-		396	AATATCCTTAAAAAACCAGA			T1	A	0.75717017208413
AC63	5	NT+nuoB	1	none		T1A-		127	ACAATTTGACGATCTTGCAA	GO593_09950	nuoB	T1	A	0.24282982791587
AC64	5	NT+nuoB	1	none		T1B-		612	AATATCCTTAAAAAACCAGA			T1	B	0.752767527675277
AC64	5	NT+nuoB	1	none		T1B-		201	ACAATTTGACGATCTTGCAA	GO593_09950	nuoB	T1	B	0.247232472324723
AC65	5	NT+nuoB	1	rifampicin	0.34	T1A+		858	AATATCCTTAAAAAACCAGA			T1	A	0.685303514376997
AC65	5	NT+nuoB	1	rifampicin	0.34	T1A+		394	ACAATTTGACGATCTTGCAA	GO593_09950	nuoB	T1	A	0.314696485623003
AC66	5	NT+nuoB	1	rifampicin	0.34	T1B+		715	AATATCCTTAAAAAACCAGA			T1	B	0.648820326678766
AC66	5	NT+nuoB	1	rifampicin	0.34	T1B+		387	ACAATTTGACGATCTTGCAA	GO593_09950	nuoB	T1	B	0.351179673321234
AC67	5	NT+nuoB	1	none		T2A-		297	AATATCCTTAAAAAACCAGA			T2	A	0.905487804878049
AC67	5	NT+nuoB	1	none		T2A-		31	ACAATTTGACGATCTTGCAA	GO593_09950	nuoB	T2	A	0.0945121951219512
AC68	5	NT+nuoB	1	none		T2B-		421	AATATCCTTAAAAAACCAGA			T2	B	0.90343347639485
AC68	5	NT+nuoB	1	none		T2B-		45	ACAATTTGACGATCTTGCAA	GO593_09950	nuoB	T2	B	0.0965665236051502
AC69	5	NT+nuoB	1	rifampicin	0.34	T2A+		416	AATATCCTTAAAAAACCAGA			T2	A	0.356164383561644
AC69	5	NT+nuoB	1	rifampicin	0.34	T2A+		752	ACAATTTGACGATCTTGCAA	GO593_09950	nuoB	T2	A	0.643835616438356
AC70	5	NT+nuoB	1	rifampicin	0.34	T2B+		992	AATATCCTTAAAAAACCAGA			T2	B	0.455672944418925
AC70	5	NT+nuoB	1	rifampicin	0.34	T2B+		1185	ACAATTTGACGATCTTGCAA	GO593_09950	nuoB	T2	B	0.544327055581075
AC71	6	NT+lpxC	1	none		T0A		176	AATATCCTTAAAAAACCAGA			T0	A	0.458333333333333
AC71	6	NT+lpxC	1	none		T0A		208	CCAGCACTACCATCCATAAT	GO593_05480	lpxC	T0	A	0.541666666666667
AC72	6	NT+lpxC	1	none		T0B		244	AATATCCTTAAAAAACCAGA			T0	B	0.466539196940727
AC72	6	NT+lpxC	1	none		T0B		279	CCAGCACTACCATCCATAAT	GO593_05480	lpxC	T0	B	0.533460803059273
AC73	6	NT+lpxC	1	none		T1A-		433	AATATCCTTAAAAAACCAGA			T1	A	0.641481481481481
AC73	6	NT+lpxC	1	none		T1A-		242	CCAGCACTACCATCCATAAT	GO593_05480	lpxC	T1	A	0.358518518518519
AC74	6	NT+lpxC	1	none		T1B-		365	AATATCCTTAAAAAACCAGA			T1	B	0.634782608695652
AC74	6	NT+lpxC	1	none		T1B-		210	CCAGCACTACCATCCATAAT	GO593_05480	lpxC	T1	B	0.365217391304348
AC75	6	NT+lpxC	1	rifampicin	0.34	T1A+		358	AATATCCTTAAAAAACCAGA			T1	A	0.678030303030303
AC75	6	NT+lpxC	1	rifampicin	0.34	T1A+		170	CCAGCACTACCATCCATAAT	GO593_05480	lpxC	T1	A	0.321969696969697
AC76	6	NT+lpxC	1	rifampicin	0.34	T1B+		544	AATATCCTTAAAAAACCAGA			T1	B	0.623853211009174
AC76	6	NT+lpxC	1	rifampicin	0.34	T1B+		328	CCAGCACTACCATCCATAAT	GO593_05480	lpxC	T1	B	0.376146788990826
AC77	6	NT+lpxC	1	none		T2A-		566	AATATCCTTAAAAAACCAGA			T2	A	0.663540445486518
AC77	6	NT+lpxC	1	none		T2A-		287	CCAGCACTACCATCCATAAT	GO593_05480	lpxC	T2	A	0.336459554513482
AC78	6	NT+lpxC	1	none		T2B-		1924	AATATCCTTAAAAAACCAGA			T2	B	0.665743944636678
AC78	6	NT+lpxC	1	none		T2B-		966	CCAGCACTACCATCCATAAT	GO593_05480	lpxC	T2	B	0.334256055363322
AC79	6	NT+lpxC	1	rifampicin	0.34	T2A+		1976	AATATCCTTAAAAAACCAGA			T2	A	1
AC79	6	NT+lpxC	1	rifampicin	0.34	T2A+		0	CCAGCACTACCATCCATAAT	GO593_05480	lpxC	T2	A	0
AC80	6	NT+lpxC	1	rifampicin	0.34	T2B+		707	AATATCCTTAAAAAACCAGA			T2	B	1
AC80	6	NT+lpxC	1	rifampicin	0.34	T2B+		0	CCAGCACTACCATCCATAAT	GO593_05480	lpxC	T2	B	0

