operon	locus_tag_refseq	AB19606	Pathways	AB030	genes	STRING_names	gene_orthologs	unique_name	citation	aka	strand	tss	long_name	condensed_name	operon_genes	operon_AB19606	operon_AB030	Essentials in operon	total_size
TU286Y-2573	GO593_RS00115	GO593_00115	Other	IX87_07335	tsaD, gcp	tsaD	tsaD	tsaD	""	tsaD	-	18317	tsaD	tsaD	tsaD	GO593_00115	IX87_07335	1	1
TU286Y-16	GO593_RS00120	GO593_00120	Ribosome	IX87_07340	rpsU	rpsU	rpsU	rpsU	""	rpsU	+	18462	rpsU	rpsU	rpsU	GO593_00120	IX87_07340	1	2
TU286Y-18	GO593_RS00140	GO593_00140	Other	IX87_07360	unknown	AIL78451.1	GO593_00140	GO593_00140	""	GO593_00140	-	22447	GO593_00140	GO593_00140	GO593_00140	GO593_00140	IX87_07360	1	2
TU286Y-22	GO593_RS00180	GO593_00180	Other	IX87_07400	gpsA	gpsA	gpsA	gpsA	""	gpsA	-	30997	gpsA	gpsA	gpsA	GO593_00180	IX87_07400	1	2
TU286Y-26	GO593_RS00210	GO593_00210	Other	IX87_07430	rpoH	rpoH	rpoH	rpoH	""	rpoH	+	34449	rpoH	rpoH	rpoH	GO593_00210	IX87_07430	1	1
TU286Y-33	GO593_RS00260	GO593_00260	Other	IX87_07480	aroA	aroA	aroA	aroA	""	aroA	-	44775	aroA	aroA	aroA	GO593_00260	IX87_07480	1	1
TU286Y-37	GO593_RS00295	GO593_00295	Other	IX87_07515	ppnK, nadK	ppnK	ppnK, nadK	ppnK	""	ppnK	-	52695	ppnK	ppnK	ppnK	GO593_00295	IX87_07515	1	2
TU286Y-2565	GO593_RS00350	GO593_00350	Other	IX87_07570	fpr	IX87_07570	fpr	fpr	""	fpr	+	63864	fpr	fpr	fpr	GO593_00350	IX87_07570	1	1
TU286Y-2563	GO593_RS00420	GO593_00420	Other	IX87_07645	glyA, glyA2, glyA3, glyA1	glyA	glyA, glyA2, glyA3, glyA1	glyA	""	glyA	-	81222	glyA	glyA	glyA	GO593_00420	IX87_07645	1	1
TU286Y-2560	GO593_RS00515	GO593_00515	Other	unknown	unknown	unknown	GO593_00515	GO593_00515	""	GO593_00515	+	98898	GO593_00515	GO593_00515	GO593_00515	GO593_00515	unknown	1	1
TU286Y-85	GO593_RS00865	GO593_00865	Other	IX87_07985	tsf	tsf	tsf	tsf	""	tsf	-	142918	tsf	tsf	tsf	GO593_00865	IX87_07985	1	1
TU286Y-86	GO593_RS00870	GO593_00870	Ribosome	IX87_07990	rpsB	rpsB	rpsB	rpsB	""	rpsB	-	143808	rpsB	rpsB	rpsB	GO593_00870	IX87_07990	1	1
TU286Y-98	GO593_RS00945	GO593_00945	Other	IX87_08070	cca	cca	cca	cca	""	cca	+	164804	cca	cca	cca	GO593_00945	IX87_08070	1	1
TU286Y-105	GO593_RS00995	GO593_00995	Other	IX87_08120	ubiA	ubiA	ubiA	ubiA	""	ubiA	-	172666	ubiA	ubiA	ubiA	GO593_00995	IX87_08120	1	2
TU286Y-106	GO593_RS01005	GO593_01005	Other	IX87_08130	glnA	glnA	glnA	glnA	""	glnA	-	174707	glnA	glnA	glnA	GO593_01005	IX87_08130	1	1
TU286Y-112	GO593_RS01065	GO593_01065	Other	IX87_08570	folE, folE2, folE1	folE	folE	folE	""	folE	+	193335	folE	folE	folE	GO593_01065	IX87_08570	1	1
TU286Y-116	GO593_RS01090	GO593_01090	Other	IX87_08605	hemE	AIL78684.1	hemE	hemE	""	hemE	-	199716	hemE	hemE	hemE	GO593_01090	IX87_08605	1	2
TU286Y-128	GO593_RS01245	GO593_01245	Other	IX87_08770	efp	efp	efp	efp	""	efp	-	239358	efp	efp	efp	GO593_01245	IX87_08770	1	1
TU286Y-140	GO593_RS01330	GO593_01330	Other	IX87_08855	mnmA, trmU	mnmA	mnmA	mnmA	""	mnmA	+	257655	mnmA	mnmA	mnmA	GO593_01330	IX87_08855	1	3
TU286Y-141	GO593_RS01340	GO593_01340	Other	IX87_08865	purB	IX87_08865	purB	purB	""	purB	+	259591	purB	purB	purB	GO593_01340	IX87_08865	1	1
TU286Y-152	GO593_RS01425	GO593_01425	Other	IX87_08950	desB	AIL78748.1	desB	desB	""	desB	-	284272	desAB	desAB	desA, desB	GO593_01430, GO593_01425	IX87_08955, IX87_08950	2	2
TU286Y-152	GO593_RS01430	GO593_01430	Other	IX87_08955	unknown	IX87_08955	GO593_01430	desA	https://pubs.acs.org/doi/10.1021/acsinfecdis.1c00192	hmp_1	-	284272	desAB	desAB	desA, desB	GO593_01430, GO593_01425	IX87_08955, IX87_08950	2	2
TU286Y-158	GO593_RS01460	GO593_01460	Other	IX87_08985	hemL	AIL78755.1	hemL	hemL	""	hemL	-	292166	hemL	hemL	hemL	GO593_01460	IX87_08985	1	1
TU286Y-159	GO593_RS01465	GO593_01465	Other	IX87_08990	thiE	thiE	thiE	thiE	""	thiE	-	292820	thiE	thiE	thiE	GO593_01465	IX87_08990	1	1
TU286Y-179	GO593_RS01635	GO593_01635	Other	IX87_09155	cgtA, obgE, obg	cgtA	cgtA	cgtA	""	cgtA	-	332511	cgtA	cgtA	cgtA	GO593_01635	IX87_09155	1	2
TU286Y-181	GO593_RS01650	GO593_01650	Other	IX87_09170	gap	IX87_09170	gap	gap	""	gap	-	335703	gap	gap	gap	GO593_01650	IX87_09170	1	1
TU286Y-193	GO593_RS01735	GO593_01735	Other	IX87_09250	pdxJ	pdxJ	pdxJ	pdxJ	""	pdxJ	-	354575	era-pdxJ	era-pdxJ	era, pdxJ	GO593_01750, GO593_01735	IX87_09265, IX87_09250	2	6
TU286Y-193	GO593_RS01750	GO593_01750	Other	IX87_09265	era	IX87_09265	era	era	""	era	-	354575	era-pdxJ	era-pdxJ	era, pdxJ	GO593_01750, GO593_01735	IX87_09265, IX87_09250	2	6
TU286Y-194	GO593_RS01765	GO593_01765	Other	IX87_09280	lepB	lepB	lepB	lepB	""	lepB	-	356476	lepB	lepB	lepB	GO593_01765	IX87_09280	1	3
TU286Y-198	GO593_RS01795	GO593_01795	Other	IX87_09310	tmk	tmk	tmk	tmk	""	tmk	-	363569	tmk	tmk	tmk	GO593_01795	IX87_09310	1	3
TU286Y-202	GO593_RS01845	GO593_01845	Other	IX87_09360	dapD	dapD	dapD	dapD	""	dapD	+	372370	dapD	dapD	dapD	GO593_01845	IX87_09360	1	1
TU286Y-2532	GO593_RS01880	GO593_01880	Other	IX87_09395	unknown	AIL78836.1	GO593_01880	nadM	https://www.genome.jp/dbget-bin/www_bget?ko:K13522	nadM	-	377778	nadM	nadM	nadM	GO593_01880	IX87_09395	1	1
TU286Y-212	GO593_RS01925	GO593_01925	Other	IX87_09445	ybgC	ybgC	ybgC	ybgC	""	ybgC	+	389579	ybgC	ybgC	ybgC	GO593_01925	IX87_09445	1	6
TU286Y-213	GO593_RS01960	GO593_01960	Other	IX87_09480	fbp1, fbp	IX87_09480	fbp1, fbp	fbp	""	fbp	+	394958	fbp	fbp	fbp	GO593_01960	IX87_09480	1	1
TU286Y-215	GO593_RS01975	GO593_01975	Other	IX87_09495	unknown	IX87_09495	GO593_01975	GO593_01975	""	GO593_01975	+	397526	GO593_01975	GO593_01975	GO593_01975	GO593_01975	IX87_09495	1	3
TU286Y-2529	GO593_RS02025	GO593_02025	LOS	IX87_09555	unknown	IX87_09555	GO593_02025	lpxL	""	lpxL	+	408731	lpxL	lpxL	lpxL	GO593_02025	IX87_09555	1	1
TU286Y-221	GO593_RS02035	GO593_02035	Other	IX87_09565	lolD	lolD	lolD	lolD	""	lolD	-	414099	lolFD	lolFD	lolF, lolD	GO593_02040, GO593_02035	IX87_09570, IX87_09565	2	2
TU286Y-221	GO593_RS02040	GO593_02040	Other	IX87_09570	lolC, lolE	AIL78869.1	lolC, lolE	lolF	""	lolCE	-	414099	lolFD	lolFD	lolF, lolD	GO593_02040, GO593_02035	IX87_09570, IX87_09565	2	2
TU286Y-2528	GO593_RS02060	GO593_02060	Other	IX87_09590	serC	serC	serC	serC	""	serC	-	418266	serC	serC	serC	GO593_02060	IX87_09590	1	1
TU286Y-227	GO593_RS02105	GO593_02105	Other	IX87_09635	gyrA	gyrA	gyrA	gyrA	""	gyrA	-	430329	gyrA	gyrA	gyrA	GO593_02105	IX87_09635	1	1
TU286Y-228	GO593_RS02110	GO593_02110	Other	IX87_09640	etfA, fixB, ydiR	AIL78883.1	etfA, fixB, ydiR	etfA	""	etfA	-	432395	etfBA	etfBA	etfB, etfA	GO593_02115, GO593_02110	IX87_09645, IX87_09640	2	2
TU286Y-228	GO593_RS02115	GO593_02115	Other	IX87_09645	etfB, fixA, ydiQ	etfB	etfB, fixA, ydiQ	etfB	""	etfB	-	432395	etfBA	etfBA	etfB, etfA	GO593_02115, GO593_02110	IX87_09645, IX87_09640	2	2
TU286Y-231	GO593_RS02140	GO593_02140	Other	IX87_09660	dapF	dapF	dapF	dapF	""	dapF	-	437006	dapF	dapF	dapF	GO593_02140	IX87_09660	1	3
TU286Y-236	GO593_RS02180	GO593_02180	Other	IX87_09700	unknown	IX87_09700	GO593_02180	GO593_02180	""	GO593_02180	-	445588	GO593_02180	GO593_02180	GO593_02180	GO593_02180	IX87_09700	1	1
TU286Y-250	GO593_RS02305	GO593_02305	Other	IX87_09860	groEL, groL	groEL	groL	groEL	""	groEL	-	478659	groEL	groEL	groEL	GO593_02305	IX87_09860	1	1
TU286Y-251	GO593_RS02310	GO593_02310	Other	IX87_09865	groS, groES	groS	groS, groES	groS	""	groS	-	479008	groS	groS	groS	GO593_02310	IX87_09865	1	1
TU286Y-258	GO593_RS02360	GO593_02360	Other	IX87_09915	folD	IX87_09915	folD	folD	""	folD	-	500533	folD	folD	folD	GO593_02360	IX87_09915	1	1
TU286Y-264	GO593_RS02400	GO593_02400	Other	IX87_09960	ftsH, hflB	ftsH	hflB	ftsH	""	ftsH	-	506748	ftsH	ftsH	ftsH	GO593_02400	IX87_09960	1	1
TU286Y-2512	GO593_RS02490	GO593_02490	tRNA Ligase	IX87_10075	trpS	IX87_10075	trpS	trpS	""	trpS	+	543292	trpS	trpS	trpS	GO593_02490	IX87_10075	1	1
TU286Y-276	GO593_RS02510	GO593_02510	Other	IX87_10095	sucB, odhB, bkdB	sucB	odhB	sucB	""	sucB	-	549633	sucB	sucB	sucB	GO593_02510	IX87_10095	1	3
TU286Y-278	GO593_RS02530	GO593_02530	Ox Phos	IX87_10105	sdhB	sdhB	sdhB	sdhB	""	sdhB	-	556383	sdhCDAB	sdhCDAB	sdhC, sdhD, sdhA, sdhB	GO593_02545, GO593_02540, GO593_02535, GO593_02530	IX87_10120, IX87_10115, IX87_10110, IX87_10105	4	4
TU286Y-278	GO593_RS02535	GO593_02535	Ox Phos	IX87_10110	sdhA	IX87_10110	sdhA	sdhA	""	sdhA	-	556383	sdhCDAB	sdhCDAB	sdhC, sdhD, sdhA, sdhB	GO593_02545, GO593_02540, GO593_02535, GO593_02530	IX87_10120, IX87_10115, IX87_10110, IX87_10105	4	4
TU286Y-278	GO593_RS02540	GO593_02540	Ox Phos	IX87_10115	sdhD	sdhD	sdhD	sdhD	""	sdhD	-	556383	sdhCDAB	sdhCDAB	sdhC, sdhD, sdhA, sdhB	GO593_02545, GO593_02540, GO593_02535, GO593_02530	IX87_10120, IX87_10115, IX87_10110, IX87_10105	4	4
TU286Y-278	GO593_RS02545	GO593_02545	Ox Phos	IX87_10120	sdhC	sdhC	sdhC	sdhC	""	sdhC	-	556383	sdhCDAB	sdhCDAB	sdhC, sdhD, sdhA, sdhB	GO593_02545, GO593_02540, GO593_02535, GO593_02530	IX87_10120, IX87_10115, IX87_10110, IX87_10105	4	4
TU286Y-281	GO593_RS02580	GO593_02580	Other	IX87_10155	rpoD	rpoD	rpoD	rpoD	""	rpoD	+	561497	rpoD	rpoD	rpoD	GO593_02580	IX87_10155	1	1
TU286Y-282	GO593_RS02585	GO593_02585	Other	IX87_10160	ybeD	ybeD	ybeD	ybeD	""	ybeD	+	563481	ybeD	ybeD	ybeD	GO593_02585	IX87_10160	1	1
TU286Y-283	GO593_RS02590	GO593_02590	Other	IX87_10165	lipB	lipB	lipB	lipB	""	lipB	+	563952	lipB	lipB	lipB	GO593_02590	IX87_10165	1	1
TU286Y-288	GO593_RS02630	GO593_02630	tRNA Ligase	IX87_10205	serS	serS	serS	serS	""	serS	-	572466	serS	serS	serS	GO593_02630	IX87_10205	1	1
TU286Y-290	GO593_RS02640	GO593_02640	Other	IX87_10215	lolA	lolA	lolA	lolA	""	lolA	-	574196	lolA	lolA	lolA	GO593_02640	IX87_10215	1	1
TU286Y-291	GO593_RS02645	GO593_02645	Ribosome	IX87_10220	rpmA	rpmA	rpmA	rpmA	""	rpmA	-	575024	rplU-rpmA	rplU-rpmA	rplU, rpmA	GO593_02650, GO593_02645	IX87_10225, IX87_10220	2	2
TU286Y-291	GO593_RS02650	GO593_02650	Ribosome	IX87_10225	rplU	rplU	rplU	rplU	""	rplU	-	575024	rplU-rpmA	rplU-rpmA	rplU, rpmA	GO593_02650, GO593_02645	IX87_10225, IX87_10220	2	2
TU286Y-293	GO593_RS02660	GO593_02660	Other	IX87_10240	ispB	IX87_10240	ispB	ispB	""	ispB	+	575467	ispB	ispB	ispB	GO593_02660	IX87_10240	1	2
TU286Y-2505	GO593_RS02715	GO593_02715	tRNA Ligase	IX87_10295	valS	AIL79006.1	valS	valS	""	valS	+	588342	valS	valS	valS	GO593_02715	IX87_10295	1	1
TU286Y-327	GO593_RS02915	GO593_02915	Other	IX87_10760	gatC	gatC	gatC	gatC	""	gatC	+	630680	gatCAB	gatCAB	gatC, gatA, gatB	GO593_02915, GO593_02920, GO593_02925	IX87_10760, IX87_10765, IX87_10770	3	3
TU286Y-327	GO593_RS02920	GO593_02920	Other	IX87_10765	gatA	gatA	gatA	gatA	""	gatA	+	630680	gatCAB	gatCAB	gatC, gatA, gatB	GO593_02915, GO593_02920, GO593_02925	IX87_10760, IX87_10765, IX87_10770	3	3
TU286Y-327	GO593_RS02925	GO593_02925	Other	IX87_10770	gatB	gatB	gatB	gatB	""	gatB	+	630680	gatCAB	gatCAB	gatC, gatA, gatB	GO593_02915, GO593_02920, GO593_02925	IX87_10760, IX87_10765, IX87_10770	3	3
TU286Y-346	GO593_RS03060	GO593_03060	Other	IX87_10925	dapE	dapE	dapE	dapE	""	dapE	+	655978	dapE	dapE	dapE	GO593_03060	IX87_10925	1	1
TU286Y-353	GO593_RS03110	GO593_03110	tRNA Ligase	IX87_10975	proS	AIL79124.1	proS	proS	""	proS	+	671041	proS	proS	proS	GO593_03110	IX87_10975	1	1
TU286Y-358	GO593_RS03135	GO593_03135	Other	IX87_11000	ygfZ	ygfZ	ygfZ	ygfZ	""	ygfZ	+	674964	ygfZ	ygfZ	ygfZ	GO593_03135	IX87_11000	1	1
TU286Y-379	GO593_RS03265	GO593_03265	Other	IX87_11135	unknown	nphR_2	GO593_03265	GO593_03265	""	nphR_2	+	704546	GO593_03265	GO593_03265	GO593_03265	GO593_03265	IX87_11135	1	1
TU286Y-386	GO593_RS03315	GO593_03315	Other	IX87_11200	secA	secA	secA	secA	""	secA	-	717634	secA	secA	secA	GO593_03315	IX87_11200	1	1
TU286Y-390	GO593_RS03340	GO593_03340	Other	IX87_11225	folC	AIL79172.1	folC	folC	""	folC	-	723677	accD-folC	accD-folC	accD, folC	GO593_03345, GO593_03340	IX87_11230, IX87_11225	2	4
TU286Y-390	GO593_RS03345	GO593_03345	Other	IX87_11230	accD	accD	accD	accD	""	accD	-	723677	accD-folC	accD-folC	accD, folC	GO593_03345, GO593_03340	IX87_11230, IX87_11225	2	4
TU286Y-407	GO593_RS03480	GO593_03480	tRNA Ligase	IX87_11355	aspS	aspS	aspS	aspS	""	aspS	+	752784	aspS	aspS	aspS	GO593_03480	IX87_11355	1	1
TU286Y-409	GO593_RS03530	GO593_03530	Other	IX87_11425	unknown	gtrOC1	GO593_03530	gtrOC1	""	gtrOC1	-	763273	gtrOC1	gtrOC1	gtrOC1	GO593_03530	IX87_11425	1	5
TU286Y-418	GO593_RS03585	GO593_03585	Other	IX87_11510	secD	secD	secD	secD	""	secD	+	774871	secDF	secDF	secD, secF	GO593_03585, GO593_03590	IX87_11510, IX87_11515	2	2
TU286Y-418	GO593_RS03590	GO593_03590	Other	IX87_11515	secF	secF	secF	secF	""	secF	+	774871	secDF	secDF	secD, secF	GO593_03585, GO593_03590	IX87_11510, IX87_11515	2	2
TU286Y-2488	GO593_RS03595	GO593_03595	Other	IX87_11520	coaBC, dfp, coaC	coaBC	coaBC	dfp	""	dfp	-	779064	dfp	dfp	dfp	GO593_03595	IX87_11520	1	1
TU286Y-421	GO593_RS03615	GO593_03615	Other	IX87_11540	ispZ, yciB	ispZ	ispZ, yciB	ispZ	""	ispZ	+	781760	ispZ	ispZ	ispZ	GO593_03615	IX87_11540	1	4
TU286Y-436	GO593_RS03765	GO593_03765	Other	IX87_11690	pdxA	pdxA	pdxA	pdxA	""	pdxA	-	809682	pdxA	pdxA	pdxA	GO593_03765	IX87_11690	1	3
TU286Y-437	GO593_RS03770	GO593_03770	Ribosome	IX87_11695	rplM	rplM	rplM	rplM	""	rplM	+	809854	rplM-rpsI	rplM-rpsI	rplM, rpsI	GO593_03770, GO593_03775	IX87_11695, IX87_11700	2	2
TU286Y-437	GO593_RS03775	GO593_03775	Ribosome	IX87_11700	rpsI	rpsI	rpsI	rpsI	""	rpsI	+	809854	rplM-rpsI	rplM-rpsI	rplM, rpsI	GO593_03770, GO593_03775	IX87_11695, IX87_11700	2	2
TU286Y-447	GO593_RS03875	GO593_03875	Other	IX87_11800	pssA	pssA	pssA	pssA	""	pssA	-	832047	pssA	pssA	pssA	GO593_03875	IX87_11800	1	2
TU286Y-456	GO593_RS03925	GO593_03925	Other	IX87_11850	ybeY	ybeY	ybeY	ybeY	""	ybeY	+	841455	ybeY	ybeY	ybeY	GO593_03925	IX87_11850	1	2
TU286Y-468	GO593_RS04055	GO593_04055	Other	IX87_11990	sdhE	cptB	sdhE	cptB	""	cptB	-	867023	cptB	cptB	cptB	GO593_04055	IX87_11990	1	2
TU286Y-470	GO593_RS04070	GO593_04070	Ribosome+Other	IX87_12005	rplQ	rplQ	rplQ	rplQ	""	rplQ	-	872927	rpsMKD-rpoA-rplQ	rpsMKD-rpoA…	rpsM, rpsK, rpsD, rpoA, rplQ	GO593_04090, GO593_04085, GO593_04080, GO593_04075, GO593_04070	IX87_12025, IX87_12020, IX87_12015, IX87_12010, IX87_12005	5	5
TU286Y-470	GO593_RS04075	GO593_04075	Ribosome+Other	IX87_12010	rpoA	IX87_12010	rpoA	rpoA	""	rpoA	-	872927	rpsMKD-rpoA-rplQ	rpsMKD-rpoA…	rpsM, rpsK, rpsD, rpoA, rplQ	GO593_04090, GO593_04085, GO593_04080, GO593_04075, GO593_04070	IX87_12025, IX87_12020, IX87_12015, IX87_12010, IX87_12005	5	5
TU286Y-470	GO593_RS04080	GO593_04080	Ribosome+Other	IX87_12015	rpsD	IX87_12015	rpsD	rpsD	""	rpsD	-	872927	rpsMKD-rpoA-rplQ	rpsMKD-rpoA…	rpsM, rpsK, rpsD, rpoA, rplQ	GO593_04090, GO593_04085, GO593_04080, GO593_04075, GO593_04070	IX87_12025, IX87_12020, IX87_12015, IX87_12010, IX87_12005	5	5
TU286Y-470	GO593_RS04085	GO593_04085	Ribosome+Other	IX87_12020	rpsK	rpsK	rpsK	rpsK	""	rpsK	-	872927	rpsMKD-rpoA-rplQ	rpsMKD-rpoA…	rpsM, rpsK, rpsD, rpoA, rplQ	GO593_04090, GO593_04085, GO593_04080, GO593_04075, GO593_04070	IX87_12025, IX87_12020, IX87_12015, IX87_12010, IX87_12005	5	5
TU286Y-470	GO593_RS04090	GO593_04090	Ribosome+Other	IX87_12025	rpsM	rpsM	rpsM	rpsM	""	rpsM	-	872927	rpsMKD-rpoA-rplQ	rpsMKD-rpoA…	rpsM, rpsK, rpsD, rpoA, rplQ	GO593_04090, GO593_04085, GO593_04080, GO593_04075, GO593_04070	IX87_12025, IX87_12020, IX87_12015, IX87_12010, IX87_12005	5	5
TU286Y-471	GO593_RS04095	GO593_04095	Ribosome+Other	IX87_12030	rpmJ	rpmJ	rpmJ	rpmJ	""	rpmJ	-	874524	secY-rpmJ	secY-rpmJ	secY, rpmJ	GO593_04100, GO593_04095	IX87_12035, IX87_12030	2	2
TU286Y-471	GO593_RS04100	GO593_04100	Ribosome+Other	IX87_12035	secY	secY	secY	secY	""	secY	-	874524	secY-rpmJ	secY-rpmJ	secY, rpmJ	GO593_04100, GO593_04095	IX87_12035, IX87_12030	2	2
TU286Y-472	GO593_RS04105	GO593_04105	Ribosome	IX87_12040	rplO	rplO	rplO	rplO	""	rplO	-	878545	rplNXE-rpsNH-rplFR-rpsE-rpmD-rplO	rplNXE-rpsNH…	rplN, rplX, rplE, rpsN, rpsH, rplF, rplR, rpsE, rpmD, rplO	GO593_04150, GO593_04145, GO593_04140, GO593_04135, GO593_04130, GO593_04125, GO593_04120, GO593_04115, GO593_04110, GO593_04105	IX87_12085, IX87_12080, IX87_12075, IX87_12070, IX87_12065, IX87_12060, IX87_12055, IX87_12050, IX87_12045, IX87_12040	10	10
TU286Y-472	GO593_RS04110	GO593_04110	Ribosome	IX87_12045	rpmD	rpmD	rpmD	rpmD	""	rpmD	-	878545	rplNXE-rpsNH-rplFR-rpsE-rpmD-rplO	rplNXE-rpsNH…	rplN, rplX, rplE, rpsN, rpsH, rplF, rplR, rpsE, rpmD, rplO	GO593_04150, GO593_04145, GO593_04140, GO593_04135, GO593_04130, GO593_04125, GO593_04120, GO593_04115, GO593_04110, GO593_04105	IX87_12085, IX87_12080, IX87_12075, IX87_12070, IX87_12065, IX87_12060, IX87_12055, IX87_12050, IX87_12045, IX87_12040	10	10
TU286Y-472	GO593_RS04115	GO593_04115	Ribosome	IX87_12050	rpsE	IX87_12050	rpsE	rpsE	""	rpsE	-	878545	rplNXE-rpsNH-rplFR-rpsE-rpmD-rplO	rplNXE-rpsNH…	rplN, rplX, rplE, rpsN, rpsH, rplF, rplR, rpsE, rpmD, rplO	GO593_04150, GO593_04145, GO593_04140, GO593_04135, GO593_04130, GO593_04125, GO593_04120, GO593_04115, GO593_04110, GO593_04105	IX87_12085, IX87_12080, IX87_12075, IX87_12070, IX87_12065, IX87_12060, IX87_12055, IX87_12050, IX87_12045, IX87_12040	10	10
TU286Y-472	GO593_RS04120	GO593_04120	Ribosome	IX87_12055	rplR	rplR	rplR	rplR	""	rplR	-	878545	rplNXE-rpsNH-rplFR-rpsE-rpmD-rplO	rplNXE-rpsNH…	rplN, rplX, rplE, rpsN, rpsH, rplF, rplR, rpsE, rpmD, rplO	GO593_04150, GO593_04145, GO593_04140, GO593_04135, GO593_04130, GO593_04125, GO593_04120, GO593_04115, GO593_04110, GO593_04105	IX87_12085, IX87_12080, IX87_12075, IX87_12070, IX87_12065, IX87_12060, IX87_12055, IX87_12050, IX87_12045, IX87_12040	10	10
TU286Y-472	GO593_RS04125	GO593_04125	Ribosome	IX87_12060	rplF	rplF	rplF	rplF	""	rplF	-	878545	rplNXE-rpsNH-rplFR-rpsE-rpmD-rplO	rplNXE-rpsNH…	rplN, rplX, rplE, rpsN, rpsH, rplF, rplR, rpsE, rpmD, rplO	GO593_04150, GO593_04145, GO593_04140, GO593_04135, GO593_04130, GO593_04125, GO593_04120, GO593_04115, GO593_04110, GO593_04105	IX87_12085, IX87_12080, IX87_12075, IX87_12070, IX87_12065, IX87_12060, IX87_12055, IX87_12050, IX87_12045, IX87_12040	10	10
TU286Y-472	GO593_RS04130	GO593_04130	Ribosome	IX87_12065	rpsH	IX87_12065	rpsH	rpsH	""	rpsH	-	878545	rplNXE-rpsNH-rplFR-rpsE-rpmD-rplO	rplNXE-rpsNH…	rplN, rplX, rplE, rpsN, rpsH, rplF, rplR, rpsE, rpmD, rplO	GO593_04150, GO593_04145, GO593_04140, GO593_04135, GO593_04130, GO593_04125, GO593_04120, GO593_04115, GO593_04110, GO593_04105	IX87_12085, IX87_12080, IX87_12075, IX87_12070, IX87_12065, IX87_12060, IX87_12055, IX87_12050, IX87_12045, IX87_12040	10	10
TU286Y-472	GO593_RS04135	GO593_04135	Ribosome	IX87_12070	rpsN	rpsN	rpsN	rpsN	""	rpsN	-	878545	rplNXE-rpsNH-rplFR-rpsE-rpmD-rplO	rplNXE-rpsNH…	rplN, rplX, rplE, rpsN, rpsH, rplF, rplR, rpsE, rpmD, rplO	GO593_04150, GO593_04145, GO593_04140, GO593_04135, GO593_04130, GO593_04125, GO593_04120, GO593_04115, GO593_04110, GO593_04105	IX87_12085, IX87_12080, IX87_12075, IX87_12070, IX87_12065, IX87_12060, IX87_12055, IX87_12050, IX87_12045, IX87_12040	10	10
TU286Y-472	GO593_RS04140	GO593_04140	Ribosome	IX87_12075	rplE	IX87_12075	rplE	rplE	""	rplE	-	878545	rplNXE-rpsNH-rplFR-rpsE-rpmD-rplO	rplNXE-rpsNH…	rplN, rplX, rplE, rpsN, rpsH, rplF, rplR, rpsE, rpmD, rplO	GO593_04150, GO593_04145, GO593_04140, GO593_04135, GO593_04130, GO593_04125, GO593_04120, GO593_04115, GO593_04110, GO593_04105	IX87_12085, IX87_12080, IX87_12075, IX87_12070, IX87_12065, IX87_12060, IX87_12055, IX87_12050, IX87_12045, IX87_12040	10	10
TU286Y-472	GO593_RS04145	GO593_04145	Ribosome	IX87_12080	rplX	rplX	rplX	rplX	""	rplX	-	878545	rplNXE-rpsNH-rplFR-rpsE-rpmD-rplO	rplNXE-rpsNH…	rplN, rplX, rplE, rpsN, rpsH, rplF, rplR, rpsE, rpmD, rplO	GO593_04150, GO593_04145, GO593_04140, GO593_04135, GO593_04130, GO593_04125, GO593_04120, GO593_04115, GO593_04110, GO593_04105	IX87_12085, IX87_12080, IX87_12075, IX87_12070, IX87_12065, IX87_12060, IX87_12055, IX87_12050, IX87_12045, IX87_12040	10	10
TU286Y-472	GO593_RS04150	GO593_04150	Ribosome	IX87_12085	rplN	rplN	rplN	rplN	""	rplN	-	878545	rplNXE-rpsNH-rplFR-rpsE-rpmD-rplO	rplNXE-rpsNH…	rplN, rplX, rplE, rpsN, rpsH, rplF, rplR, rpsE, rpmD, rplO	GO593_04150, GO593_04145, GO593_04140, GO593_04135, GO593_04130, GO593_04125, GO593_04120, GO593_04115, GO593_04110, GO593_04105	IX87_12085, IX87_12080, IX87_12075, IX87_12070, IX87_12065, IX87_12060, IX87_12055, IX87_12050, IX87_12045, IX87_12040	10	10
TU286Y-473	GO593_RS04155	GO593_04155	Ribosome	IX87_12090	rpsQ	rpsQ	rpsQ	rpsQ	""	rpsQ	-	883295	rplCDWB-rpsS-rplV-rpsC-rplP-rpmC-rpsQ	rplCDWB-rpsS…	rplC, rplD, rplW, rplB, rpsS, rplV, rpsC, rplP, rpmC, rpsQ	GO593_04200, GO593_04195, GO593_04190, GO593_04185, GO593_04180, GO593_04175, GO593_04170, GO593_04165, GO593_04160, GO593_04155	IX87_12135, IX87_12130, IX87_12125, IX87_12120, IX87_12115, IX87_12110, IX87_12105, IX87_12100, IX87_12095, IX87_12090	10	10
TU286Y-473	GO593_RS04160	GO593_04160	Ribosome	IX87_12095	rpmC	rpmC	rpmC	rpmC	""	rpmC	-	883295	rplCDWB-rpsS-rplV-rpsC-rplP-rpmC-rpsQ	rplCDWB-rpsS…	rplC, rplD, rplW, rplB, rpsS, rplV, rpsC, rplP, rpmC, rpsQ	GO593_04200, GO593_04195, GO593_04190, GO593_04185, GO593_04180, GO593_04175, GO593_04170, GO593_04165, GO593_04160, GO593_04155	IX87_12135, IX87_12130, IX87_12125, IX87_12120, IX87_12115, IX87_12110, IX87_12105, IX87_12100, IX87_12095, IX87_12090	10	10
TU286Y-473	GO593_RS04165	GO593_04165	Ribosome	IX87_12100	rplP	rplP	rplP	rplP	""	rplP	-	883295	rplCDWB-rpsS-rplV-rpsC-rplP-rpmC-rpsQ	rplCDWB-rpsS…	rplC, rplD, rplW, rplB, rpsS, rplV, rpsC, rplP, rpmC, rpsQ	GO593_04200, GO593_04195, GO593_04190, GO593_04185, GO593_04180, GO593_04175, GO593_04170, GO593_04165, GO593_04160, GO593_04155	IX87_12135, IX87_12130, IX87_12125, IX87_12120, IX87_12115, IX87_12110, IX87_12105, IX87_12100, IX87_12095, IX87_12090	10	10
TU286Y-473	GO593_RS04170	GO593_04170	Ribosome	IX87_12105	rpsC	IX87_12105	rpsC	rpsC	""	rpsC	-	883295	rplCDWB-rpsS-rplV-rpsC-rplP-rpmC-rpsQ	rplCDWB-rpsS…	rplC, rplD, rplW, rplB, rpsS, rplV, rpsC, rplP, rpmC, rpsQ	GO593_04200, GO593_04195, GO593_04190, GO593_04185, GO593_04180, GO593_04175, GO593_04170, GO593_04165, GO593_04160, GO593_04155	IX87_12135, IX87_12130, IX87_12125, IX87_12120, IX87_12115, IX87_12110, IX87_12105, IX87_12100, IX87_12095, IX87_12090	10	10
TU286Y-473	GO593_RS04175	GO593_04175	Ribosome	IX87_12110	rplV	rplV	rplV	rplV	""	rplV	-	883295	rplCDWB-rpsS-rplV-rpsC-rplP-rpmC-rpsQ	rplCDWB-rpsS…	rplC, rplD, rplW, rplB, rpsS, rplV, rpsC, rplP, rpmC, rpsQ	GO593_04200, GO593_04195, GO593_04190, GO593_04185, GO593_04180, GO593_04175, GO593_04170, GO593_04165, GO593_04160, GO593_04155	IX87_12135, IX87_12130, IX87_12125, IX87_12120, IX87_12115, IX87_12110, IX87_12105, IX87_12100, IX87_12095, IX87_12090	10	10
TU286Y-473	GO593_RS04180	GO593_04180	Ribosome	IX87_12115	rpsS	IX87_12115	rpsS	rpsS	""	rpsS	-	883295	rplCDWB-rpsS-rplV-rpsC-rplP-rpmC-rpsQ	rplCDWB-rpsS…	rplC, rplD, rplW, rplB, rpsS, rplV, rpsC, rplP, rpmC, rpsQ	GO593_04200, GO593_04195, GO593_04190, GO593_04185, GO593_04180, GO593_04175, GO593_04170, GO593_04165, GO593_04160, GO593_04155	IX87_12135, IX87_12130, IX87_12125, IX87_12120, IX87_12115, IX87_12110, IX87_12105, IX87_12100, IX87_12095, IX87_12090	10	10
TU286Y-473	GO593_RS04185	GO593_04185	Ribosome	IX87_12120	rplB	rplB	rplB	rplB	""	rplB	-	883295	rplCDWB-rpsS-rplV-rpsC-rplP-rpmC-rpsQ	rplCDWB-rpsS…	rplC, rplD, rplW, rplB, rpsS, rplV, rpsC, rplP, rpmC, rpsQ	GO593_04200, GO593_04195, GO593_04190, GO593_04185, GO593_04180, GO593_04175, GO593_04170, GO593_04165, GO593_04160, GO593_04155	IX87_12135, IX87_12130, IX87_12125, IX87_12120, IX87_12115, IX87_12110, IX87_12105, IX87_12100, IX87_12095, IX87_12090	10	10
TU286Y-473	GO593_RS04190	GO593_04190	Ribosome	IX87_12125	rplW	IX87_12125	rplW	rplW	""	rplW	-	883295	rplCDWB-rpsS-rplV-rpsC-rplP-rpmC-rpsQ	rplCDWB-rpsS…	rplC, rplD, rplW, rplB, rpsS, rplV, rpsC, rplP, rpmC, rpsQ	GO593_04200, GO593_04195, GO593_04190, GO593_04185, GO593_04180, GO593_04175, GO593_04170, GO593_04165, GO593_04160, GO593_04155	IX87_12135, IX87_12130, IX87_12125, IX87_12120, IX87_12115, IX87_12110, IX87_12105, IX87_12100, IX87_12095, IX87_12090	10	10
TU286Y-473	GO593_RS04195	GO593_04195	Ribosome	IX87_12130	rplD	rplD	rplD	rplD	""	rplD	-	883295	rplCDWB-rpsS-rplV-rpsC-rplP-rpmC-rpsQ	rplCDWB-rpsS…	rplC, rplD, rplW, rplB, rpsS, rplV, rpsC, rplP, rpmC, rpsQ	GO593_04200, GO593_04195, GO593_04190, GO593_04185, GO593_04180, GO593_04175, GO593_04170, GO593_04165, GO593_04160, GO593_04155	IX87_12135, IX87_12130, IX87_12125, IX87_12120, IX87_12115, IX87_12110, IX87_12105, IX87_12100, IX87_12095, IX87_12090	10	10
TU286Y-473	GO593_RS04200	GO593_04200	Ribosome	IX87_12135	rplC	rplC	rplC	rplC	""	rplC	-	883295	rplCDWB-rpsS-rplV-rpsC-rplP-rpmC-rpsQ	rplCDWB-rpsS…	rplC, rplD, rplW, rplB, rpsS, rplV, rpsC, rplP, rpmC, rpsQ	GO593_04200, GO593_04195, GO593_04190, GO593_04185, GO593_04180, GO593_04175, GO593_04170, GO593_04165, GO593_04160, GO593_04155	IX87_12135, IX87_12130, IX87_12125, IX87_12120, IX87_12115, IX87_12110, IX87_12105, IX87_12100, IX87_12095, IX87_12090	10	10
TU286Y-474	GO593_RS04205	GO593_04205	Ribosome	IX87_12140	rpsJ	rpsJ	rpsJ	rpsJ	""	rpsJ	-	883664	rpsJ	rpsJ	rpsJ	GO593_04205	IX87_12140	1	1
TU286Y-480	GO593_RS04235	GO593_04235	Other	IX87_12170	yihA	IX87_12170	yihA	yihA	""	yihA	+	889134	yihA	yihA	yihA	GO593_04235	IX87_12170	1	1
TU286Y-2472	GO593_RS04255	GO593_04255	Other	IX87_12190	plsB	plsB	plsB	plsB	""	plsB	+	893547	plsB	plsB	plsB	GO593_04255	IX87_12190	1	1
TU286Y-493	GO593_RS04335	GO593_04335	Other	IX87_12270	dxs	AIL79360.1	dxs	dxs	""	dxs	-	911737	dxs	dxs	dxs	GO593_04335	IX87_12270	1	1
TU286Y-494	GO593_RS04340	GO593_04340	Other	IX87_12275	ribA	ribA	ribA	ribA	""	ribA	+	912040	ribA	ribA	ribA	GO593_04340	IX87_12275	1	1
TU286Y-495	GO593_RS04345	GO593_04345	Other	IX87_12280	hemF	hemF	hemF	hemF	""	hemF	+	912770	hemF	hemF	hemF	GO593_04345	IX87_12280	1	1
TU286Y-500	GO593_RS04395	GO593_04395	tRNA Ligase	IX87_12345	glyQ	glyQ	glyQ	glyQ	""	glyQ	+	925434	glyQS	glyQS	glyQ, glyS	GO593_04395, GO593_04400	IX87_12345, IX87_12350	2	2
TU286Y-500	GO593_RS04400	GO593_04400	tRNA Ligase	IX87_12350	glyS	AIL79376.1	glyS	glyS	""	glyS	+	925434	glyQS	glyQS	glyQ, glyS	GO593_04395, GO593_04400	IX87_12345, IX87_12350	2	2
TU286Y-529	GO593_RS04595	GO593_04595	Ribosome	IX87_12580	rplS	rplS	rplS	rplS	""	rplS	-	968796	rplS	rplS	rplS	GO593_04595	IX87_12580	1	1
TU286Y-530	GO593_RS04600	GO593_04600	Other	IX87_12585	trmD	trmD	trmD	trmD	""	trmD	-	969745	trmD	trmD	trmD	GO593_04600	IX87_12585	1	1
TU286Y-531	GO593_RS04610	GO593_04610	Ribosome	IX87_12595	rpsP	rpsP	rpsP	rpsP	""	rpsP	-	970610	rpsP	rpsP	rpsP	GO593_04610	IX87_12595	1	2
TU286Y-535	GO593_RS04650	GO593_04650	Other	IX87_12635	ispH, lytB	ispH	ispH	ispH	""	ispH	-	979504	ispH	ispH	ispH	GO593_04650	IX87_12635	1	1
TU286Y-536	GO593_RS04655	GO593_04655	Other	IX87_12640	gmk	IX87_12640	gmk	gmk	""	gmk	+	979626	gmk	gmk	gmk	GO593_04655	IX87_12640	1	1
TU286Y-547	GO593_RS04740	GO593_04740	Other	IX87_12780	aroB	IX87_12780	aroB	aroB	""	aroB	-	1000298	aroB	aroB	aroB	GO593_04740	IX87_12780	1	4
TU286Y-550	GO593_RS04790	GO593_04790	Cell Wall/PG	IX87_12830	mraY	IX87_12830	mraY	mraY	""	mraY	-	1016271	ftsLI-murEF-mraY	ftsLI-murEF…	ftsL, ftsI, murE, murF, mraY	GO593_04810, GO593_04805, GO593_04800, GO593_04795, GO593_04790	IX87_12850, IX87_12845, IX87_12840, IX87_12835, IX87_12830	5	6
TU286Y-550	GO593_RS04795	GO593_04795	Cell Wall/PG	IX87_12835	murF	murF	murF	murF	""	murF	-	1016271	ftsLI-murEF-mraY	ftsLI-murEF…	ftsL, ftsI, murE, murF, mraY	GO593_04810, GO593_04805, GO593_04800, GO593_04795, GO593_04790	IX87_12850, IX87_12845, IX87_12840, IX87_12835, IX87_12830	5	6
TU286Y-550	GO593_RS04800	GO593_04800	Cell Wall/PG	IX87_12840	murE	murE	murE	murE	""	murE	-	1016271	ftsLI-murEF-mraY	ftsLI-murEF…	ftsL, ftsI, murE, murF, mraY	GO593_04810, GO593_04805, GO593_04800, GO593_04795, GO593_04790	IX87_12850, IX87_12845, IX87_12840, IX87_12835, IX87_12830	5	6
TU286Y-550	GO593_RS04805	GO593_04805	Cell Wall/PG	IX87_12845	ftsI, pbpC	IX87_12845	ftsI	ftsI	""	ftsI	-	1016271	ftsLI-murEF-mraY	ftsLI-murEF…	ftsL, ftsI, murE, murF, mraY	GO593_04810, GO593_04805, GO593_04800, GO593_04795, GO593_04790	IX87_12850, IX87_12845, IX87_12840, IX87_12835, IX87_12830	5	6
TU286Y-550	GO593_RS04810	GO593_04810	Cell Wall/PG	IX87_12850	ftsL	ftsL	ftsL	ftsL	""	ftsL	-	1016271	ftsLI-murEF-mraY	ftsLI-murEF…	ftsL, ftsI, murE, murF, mraY	GO593_04810, GO593_04805, GO593_04800, GO593_04795, GO593_04790	IX87_12850, IX87_12845, IX87_12840, IX87_12835, IX87_12830	5	6
TU286Y-553	GO593_RS04830	GO593_04830	tRNA Ligase	IX87_12870	gltX	IX87_12870	gltX	gltX	""	gltX	+	1019231	gltX	gltX	gltX	GO593_04830	IX87_12870	1	3
TU286Y-599	GO593_RS05260	GO593_05260	Other	IX87_13440	ssb	ssb	ssb	ssb	""	ssb	-	1105674	ssb	ssb	ssb	GO593_05260	IX87_13440	1	1
TU286Y-614	GO593_RS05390	GO593_05390	LOS	IX87_13580	kdtA, waaA	AIL79601.1	kdtA, waaA	kdtA	""	kdtA	-	1138461	kdtA	kdtA	kdtA	GO593_05390	IX87_13580	1	2
TU286Y-616	GO593_RS05405	GO593_05405	Other	IX87_13595	prfB	IX87_13595	prfB	prfB	""	prfB	-	1141314	prfB	prfB	prfB	GO593_05405	IX87_13595	1	1
TU286Y-617	GO593_RS05420	GO593_05420	Other	IX87_13610	pdxH	pdxH	pdxH	pdxH	""	pdxH	-	1146224	glmM-pdxH	glmM-pdxH	glmM, pdxH	GO593_05425, GO593_05420	IX87_13615, IX87_13610	2	3
TU286Y-617	GO593_RS05425	GO593_05425	Other	IX87_13615	glmM	glmM	glmM	glmM	""	glmM	-	1146224	glmM-pdxH	glmM-pdxH	glmM, pdxH	GO593_05425, GO593_05420	IX87_13615, IX87_13610	2	3
TU286Y-618	GO593_RS05430	GO593_05430	Other	IX87_13620	guaB	IX87_13620	guaB	guaB	""	guaB	-	1147840	guaB	guaB	guaB	GO593_05430	IX87_13620	1	1
TU286Y-625	GO593_RS05480	GO593_05480	LOS	IX87_13680	lpxC	lpxC	lpxC	lpxC	""	lpxC	-	1160111	lpxC	lpxC	lpxC	GO593_05480	IX87_13680	1	1
TU286Y-626	GO593_RS05485	GO593_05485	Cell Wall/PG	IX87_13685	ftsZ	ftsZ	ftsZ	ftsZ	""	ftsZ	-	1162824	ftsAZ	ftsAZ	ftsA, ftsZ	GO593_05490, GO593_05485	IX87_13690, IX87_13685	2	2
TU286Y-626	GO593_RS05490	GO593_05490	Cell Wall/PG	IX87_13690	ftsA	ftsA	ftsA	ftsA	""	ftsA	-	1162824	ftsAZ	ftsAZ	ftsA, ftsZ	GO593_05490, GO593_05485	IX87_13690, IX87_13685	2	2
TU286Y-627	GO593_RS05495	GO593_05495	Cell Wall/PG	IX87_13695	ftsQ	IX87_13695	ftsQ	ftsQ	""	ftsQ	-	1167263	murGC-ddlB-ftsQ	murGC-ddlB…	murG, murC, ddlB, ftsQ	GO593_05510, GO593_05505, GO593_05500, GO593_05495	IX87_13710, IX87_13705, IX87_13700, IX87_13695	4	4
TU286Y-627	GO593_RS05500	GO593_05500	Cell Wall/PG	IX87_13700	ddlB, ddlA	ddlB	ddlB, ddlA	ddlB	""	ddlB	-	1167263	murGC-ddlB-ftsQ	murGC-ddlB…	murG, murC, ddlB, ftsQ	GO593_05510, GO593_05505, GO593_05500, GO593_05495	IX87_13710, IX87_13705, IX87_13700, IX87_13695	4	4
TU286Y-627	GO593_RS05505	GO593_05505	Cell Wall/PG	IX87_13705	murC	murC	murC	murC	""	murC	-	1167263	murGC-ddlB-ftsQ	murGC-ddlB…	murG, murC, ddlB, ftsQ	GO593_05510, GO593_05505, GO593_05500, GO593_05495	IX87_13710, IX87_13705, IX87_13700, IX87_13695	4	4
TU286Y-627	GO593_RS05510	GO593_05510	Cell Wall/PG	IX87_13710	murG	murG	murG	murG	""	murG	-	1167263	murGC-ddlB-ftsQ	murGC-ddlB…	murG, murC, ddlB, ftsQ	GO593_05510, GO593_05505, GO593_05500, GO593_05495	IX87_13710, IX87_13705, IX87_13700, IX87_13695	4	4
TU286Y-642	GO593_RS05625	GO593_05625	Other	IX87_13845	parE	parE	parE	parE	""	parE	-	1190721	parE	parE	parE	GO593_05625	IX87_13845	1	2
TU286Y-652	GO593_RS05715	GO593_05715	Other	IX87_13955	psd	psd	psd	psd	""	psd	-	1211961	psd	psd	psd	GO593_05715	IX87_13955	1	2
TU286Y-659	GO593_RS05760	GO593_05760	Cell Wall/PG	IX87_13990	unknown	IX87_13990	GO593_05760	advA	""	advA	+	1219894	advA	advA	advA	GO593_05760	IX87_13990	1	1
TU286Y-660	GO593_RS05770	GO593_05770	Other	IX87_14000	ribH, ribE	ribH	ribE	ribH	""	ribH	+	1222574	ribH-thiL	ribH-thiL	ribH, thiL	GO593_05770, GO593_05780	IX87_14000, IX87_14010	2	4
TU286Y-660	GO593_RS05780	GO593_05780	Other	IX87_14010	thiL	thiL	thiL	thiL	""	thiL	+	1222574	ribH-thiL	ribH-thiL	ribH, thiL	GO593_05770, GO593_05780	IX87_14000, IX87_14010	2	4
TU286Y-661	GO593_RS05790	GO593_05790	Other	IX87_14020	glmU	glmU	glmU	glmU	""	glmU	+	1224940	glmUS	glmUS	glmU, glmS	GO593_05790, GO593_05795	IX87_14020, IX87_14025	2	3
TU286Y-661	GO593_RS05795	GO593_05795	Other	IX87_14025	glmS	glmS	glmS	glmS	""	glmS	+	1224940	glmUS	glmUS	glmU, glmS	GO593_05790, GO593_05795	IX87_14020, IX87_14025	2	3
TU286Y-674	GO593_RS05915	GO593_05915	Other	IX87_14145	dapA	IX87_14145	dapA	dapA	""	dapA	+	1255113	dapA	dapA	dapA	GO593_05915	IX87_14145	1	3
TU286Y-699	GO593_RS06095	GO593_06095	Other	IX87_14320	fmt	IX87_14320	fmt	fmt	""	fmt	+	1291378	fmt	fmt	fmt	GO593_06095	IX87_14320	1	2
TU286Y-2422	GO593_RS06155	GO593_06155	tRNA Ligase	IX87_14380	tyrS, tyrZ	IX87_14380	tyrS, tyrZ	tyrS	""	tyrS	-	1305000	tyrS	tyrS	tyrS	GO593_06155	IX87_14380	1	1
TU286Y-708	GO593_RS06170	GO593_06170	Other	IX87_14395	erpA	erpA	erpA	erpA	""	erpA	-	1307553	erpA	erpA	erpA	GO593_06170	IX87_14395	1	1
TU286Y-714	GO593_RS06205	GO593_06205	Other	IX87_14430	gyrB	gyrB	gyrB	gyrB	""	gyrB	-	1317271	gyrB	gyrB	gyrB	GO593_06205	IX87_14430	1	2
TU286Y-715	GO593_RS06215	GO593_06215	Other	IX87_14440	dnaN	dnaN	dnaN	dnaN	""	dnaN	-	1319569	dnaN	dnaN	dnaN	GO593_06215	IX87_14440	1	2
TU286Y-716	GO593_RS06220	GO593_06220	Other	IX87_14445	dnaA	dnaA	dnaA	dnaA	""	dnaA	-	1321064	dnaA	dnaA	dnaA	GO593_06220	IX87_14445	1	1
TU286Y-717	GO593_RS06230	GO593_06230	Other	IX87_14455	rnpA	rnpA	rnpA	rnpA	""	rnpA	+	1321898	rnpA-yidC	rnpA-yidC	rnpA, yidC	GO593_06230, GO593_06240	IX87_14455, IX87_14465	2	4
TU286Y-717	GO593_RS06240	GO593_06240	Other	IX87_14465	oxaA, yidC	yidC	yidC	yidC	""	yidC	+	1321898	rnpA-yidC	rnpA-yidC	rnpA, yidC	GO593_06230, GO593_06240	IX87_14455, IX87_14465	2	4
TU286Y-734	GO593_RS06350	GO593_06350	Other	IX87_14595	dnaK	dnaK	dnaK	dnaK	""	dnaK	-	1347585	dnaK	dnaK	dnaK	GO593_06350	IX87_14595	1	1
TU286Y-747	GO593_RS06430	GO593_06430	tRNA Ligase+Other	IX87_14680	lspA1, lspA2, lspA	lspA	lspA1, lspA2, lspA	lspA	""	lspA	-	1364193	ileS-lspA	ileS-lspA	ileS, lspA	GO593_06435, GO593_06430	IX87_14685, IX87_14680	2	3
TU286Y-747	GO593_RS06435	GO593_06435	tRNA Ligase+Other	IX87_14685	ileS	ileS	ileS	ileS	""	ileS	-	1364193	ileS-lspA	ileS-lspA	ileS, lspA	GO593_06435, GO593_06430	IX87_14685, IX87_14680	2	3
TU286Y-748	GO593_RS06440	GO593_06440	Other	IX87_14690	ribF	IX87_14690	ribF	ribF	""	ribF	-	1365256	ribF	ribF	ribF	GO593_06440	IX87_14690	1	1
TU286Y-756	GO593_RS06495	GO593_06495	Other	IX87_14745	unknown	AIL79820.1	GO593_06495	GO593_06495	""	GO593_06495	-	1375702	GO593_06495	GO593_06495	GO593_06495	GO593_06495	IX87_14745	1	1
TU286Y-758	GO593_RS06510	GO593_06510	Other	IX87_14760	ubiG	ubiG	ubiG	ubiG	""	ubiG	-	1378197	ubiG	ubiG	ubiG	GO593_06510	IX87_14760	1	2
TU286Y-794	GO593_RS06815	GO593_06815	Cell Wall/PG	IX87_14820	mviN, murJ, pslK	mviN	murJ	murJ	""	murJ	+	1424614	murJ	murJ	murJ	GO593_06815	IX87_14820	1	1
TU286Y-797	GO593_RS06865	GO593_06865	Other	IX87_14860	wzx	IX87_14860	wzx	wzx	""	wzx	+	1435928	wzx	wzx	wzx	GO593_06865	IX87_14860	1	6
TU286Y-2411	GO593_RS07015	GO593_07015	Other	IX87_01850	fabB	fabB_1	fabB	fabB1	""	fabB_1	+	1469693	fabB1	fabB1	fabB1	GO593_07015	IX87_01850	1	1
TU286Y-834	GO593_RS07255	GO593_07255	Other	IX87_15245	guaA	guaA	guaA	guaA	""	guaA	+	1526808	guaA	guaA	guaA	GO593_07255	IX87_15245	1	1
TU286Y-840	GO593_RS07290	GO593_07290	Other	IX87_15280	unknown	AIL79924.1	GO593_07290	GO593_07290	https://www.ncbi.nlm.nih.gov/protein/AIL79924.1/	ftsN	-	1533305	GO593_07290	GO593_07290	GO593_07290	GO593_07290	IX87_15280	1	1
TU286Y-841	GO593_RS07295	GO593_07295	tRNA Ligase	IX87_15285	argS	argS	argS	argS	""	argS	-	1535249	argS	argS	argS	GO593_07295	IX87_15285	1	1
TU286Y-846	GO593_RS07340	GO593_07340	Ox Phos	IX87_15330	atpB	IX87_15330	atpB	atpB	""	atpB	+	1542906	atpBEFHAGD	atpBEFHAGD	atpB, atpE, atpF, atpH, atpA, atpG, atpD	GO593_07340, GO593_07345, GO593_07350, GO593_07355, GO593_07360, GO593_07365, GO593_07370	IX87_15330, IX87_15335, IX87_15340, IX87_15345, IX87_15350, IX87_15355, IX87_15360	7	8
TU286Y-846	GO593_RS07345	GO593_07345	Ox Phos	IX87_15335	atpE	atpE	atpE	atpE	""	atpE	+	1542906	atpBEFHAGD	atpBEFHAGD	atpB, atpE, atpF, atpH, atpA, atpG, atpD	GO593_07340, GO593_07345, GO593_07350, GO593_07355, GO593_07360, GO593_07365, GO593_07370	IX87_15330, IX87_15335, IX87_15340, IX87_15345, IX87_15350, IX87_15355, IX87_15360	7	8
TU286Y-846	GO593_RS07350	GO593_07350	Ox Phos	IX87_15340	atpF	atpF	atpF	atpF	""	atpF	+	1542906	atpBEFHAGD	atpBEFHAGD	atpB, atpE, atpF, atpH, atpA, atpG, atpD	GO593_07340, GO593_07345, GO593_07350, GO593_07355, GO593_07360, GO593_07365, GO593_07370	IX87_15330, IX87_15335, IX87_15340, IX87_15345, IX87_15350, IX87_15355, IX87_15360	7	8
TU286Y-846	GO593_RS07355	GO593_07355	Ox Phos	IX87_15345	atpH	atpH	atpH	atpH	""	atpH	+	1542906	atpBEFHAGD	atpBEFHAGD	atpB, atpE, atpF, atpH, atpA, atpG, atpD	GO593_07340, GO593_07345, GO593_07350, GO593_07355, GO593_07360, GO593_07365, GO593_07370	IX87_15330, IX87_15335, IX87_15340, IX87_15345, IX87_15350, IX87_15355, IX87_15360	7	8
TU286Y-846	GO593_RS07360	GO593_07360	Ox Phos	IX87_15350	atpA	atpA	atpA	atpA	""	atpA	+	1542906	atpBEFHAGD	atpBEFHAGD	atpB, atpE, atpF, atpH, atpA, atpG, atpD	GO593_07340, GO593_07345, GO593_07350, GO593_07355, GO593_07360, GO593_07365, GO593_07370	IX87_15330, IX87_15335, IX87_15340, IX87_15345, IX87_15350, IX87_15355, IX87_15360	7	8
TU286Y-846	GO593_RS07365	GO593_07365	Ox Phos	IX87_15355	atpG	atpG	atpG	atpG	""	atpG	+	1542906	atpBEFHAGD	atpBEFHAGD	atpB, atpE, atpF, atpH, atpA, atpG, atpD	GO593_07340, GO593_07345, GO593_07350, GO593_07355, GO593_07360, GO593_07365, GO593_07370	IX87_15330, IX87_15335, IX87_15340, IX87_15345, IX87_15350, IX87_15355, IX87_15360	7	8
TU286Y-846	GO593_RS07370	GO593_07370	Ox Phos	IX87_15360	atpD	atpD	atpD	atpD	""	atpD	+	1542906	atpBEFHAGD	atpBEFHAGD	atpB, atpE, atpF, atpH, atpA, atpG, atpD	GO593_07340, GO593_07345, GO593_07350, GO593_07355, GO593_07360, GO593_07365, GO593_07370	IX87_15330, IX87_15335, IX87_15340, IX87_15345, IX87_15350, IX87_15355, IX87_15360	7	8
TU286Y-852	GO593_RS07410	GO593_07410	Other	IX87_15400	tsaC	tsaC	tsaC	tsaC	""	tsaC	-	1555819	tsaC	tsaC	tsaC	GO593_07410	IX87_15400	1	1
TU286Y-854	GO593_RS07425	GO593_07425	Other	IX87_15415	def1, def	IX87_15415	def1, def	def	""	def	+	1558297	def	def	def	GO593_07425	IX87_15415	1	2
TU286Y-878	GO593_RS07570	GO593_07570	Other	IX87_15570	parC	parC	parC	parC	""	parC	+	1588415	parC	parC	parC	GO593_07570	IX87_15570	1	1
TU286Y-881	GO593_RS07590	GO593_07590	Other	IX87_15590	ppa	IX87_15590	ppa	ppa	""	ppa	+	1593666	ppa	ppa	ppa	GO593_07590	IX87_15590	1	1
TU286Y-887	GO593_RS07645	GO593_07645	Other	IX87_15655	ribD	ribD	ribD	ribD	""	ribD	+	1605111	ribDE	ribDE	ribD, ribE	GO593_07645, GO593_07655	IX87_15655, IX87_15665	2	4
TU286Y-887	GO593_RS07655	GO593_07655	Other	IX87_15665	ribE, ribC	IX87_15665	ribE, ribC	ribE	""	ribE	+	1605111	ribDE	ribDE	ribD, ribE	GO593_07645, GO593_07655	IX87_15655, IX87_15665	2	4
TU286Y-889	GO593_RS07665	GO593_07665	Other	IX87_15675	unknown	AIL79998.1	GO593_07665	GO593_07665	""	GO593_07665	-	1609234	GO593_07665	GO593_07665	GO593_07665	GO593_07665	IX87_15675	1	3
TU286Y-890	GO593_RS07680	GO593_07680	Other	IX87_15690	lptF	lptF	lptF	lptF	""	lptF	+	1611264	lptFG	lptFG	lptF, lptG	GO593_07680, GO593_07685	IX87_15690, IX87_15695	2	2
TU286Y-890	GO593_RS07685	GO593_07685	Other	IX87_15695	lptG	AIL80002.1	lptG	lptG	""	lptG	+	1611264	lptFG	lptFG	lptF, lptG	GO593_07680, GO593_07685	IX87_15690, IX87_15695	2	2
TU286Y-891	GO593_RS07690	GO593_07690	Other	IX87_15700	gpmI, gpmM, pgm	gpmI	gpmI, gpmM, pgm	gpmI	""	gpmI	+	1613560	gpmI	gpmI	gpmI	GO593_07690	IX87_15700	1	2
TU286Y-898	GO593_RS07755	GO593_07755	Cell Wall/PG	IX87_15780	murD	murD	murD	murD	""	murD	+	1628651	murD-ftsW	murD-ftsW	murD, ftsW	GO593_07755, GO593_07760	IX87_15780, IX87_15785	2	2
TU286Y-898	GO593_RS07760	GO593_07760	Cell Wall/PG	IX87_15785	ftsW	ftsW	ftsW	ftsW	""	ftsW	+	1628651	murD-ftsW	murD-ftsW	murD, ftsW	GO593_07755, GO593_07760	IX87_15780, IX87_15785	2	2
TU286Y-909	GO593_RS07835	GO593_07835	Other	IX87_15860	hemC	hemC	hemC	hemC	""	hemC	+	1645578	hemCD	hemCD	hemC, hemD	GO593_07835, GO593_07840	IX87_15860, IX87_15865	2	3
TU286Y-909	GO593_RS07840	GO593_07840	Other	IX87_15865	hemD	AIL80035.1	hemD	hemD	""	hemD	+	1645578	hemCD	hemCD	hemC, hemD	GO593_07835, GO593_07840	IX87_15860, IX87_15865	2	3
TU286Y-919	GO593_RS07925	GO593_07925	Other	IX87_15955	secE	secE	secE	secE	""	secE	+	1659611	secE-nusG	secE-nusG	secE, nusG	GO593_07925, GO593_07930	IX87_15955, IX87_15960	2	2
TU286Y-919	GO593_RS07930	GO593_07930	Other	IX87_15960	nusG	nusG	nusG	nusG	""	nusG	+	1659611	secE-nusG	secE-nusG	secE, nusG	GO593_07925, GO593_07930	IX87_15955, IX87_15960	2	2
TU286Y-920	GO593_RS07935	GO593_07935	Ribosome	IX87_15965	rplK	rplK	rplK	rplK	""	rplK	+	1660701	rplKAJ	rplKAJ	rplK, rplA, rplJ	GO593_07935, GO593_07940, GO593_07945	IX87_15965, IX87_15970, IX87_15975	3	4
TU286Y-920	GO593_RS07940	GO593_07940	Ribosome	IX87_15970	rplA	rplA	rplA	rplA	""	rplA	+	1660701	rplKAJ	rplKAJ	rplK, rplA, rplJ	GO593_07935, GO593_07940, GO593_07945	IX87_15965, IX87_15970, IX87_15975	3	4
TU286Y-920	GO593_RS07945	GO593_07945	Ribosome	IX87_15975	rplJ	rplJ	rplJ	rplJ	""	rplJ	+	1660701	rplKAJ	rplKAJ	rplK, rplA, rplJ	GO593_07935, GO593_07940, GO593_07945	IX87_15965, IX87_15970, IX87_15975	3	4
TU286Y-921	GO593_RS07955	GO593_07955	Other	IX87_15985	rpoB	rpoB	rpoB	rpoB	""	rpoB	+	1663374	rpoBC	rpoBC	rpoB, rpoC	GO593_07955, GO593_07960	IX87_15985, IX87_15990	2	2
TU286Y-921	GO593_RS07960	GO593_07960	Other	IX87_15990	rpoC	rpoC	rpoC	rpoC	""	rpoC	+	1663374	rpoBC	rpoBC	rpoB, rpoC	GO593_07955, GO593_07960	IX87_15985, IX87_15990	2	2
TU286Y-938	GO593_RS08075	GO593_08075	Other	IX87_16120	pgsA	pgsA	pgsA	pgsA	""	pgsA	+	1694676	pgsA	pgsA	pgsA	GO593_08075	IX87_16120	1	1
TU286Y-946	GO593_RS08145	GO593_08145	Other	IX87_16190	coaE	coaE	coaE	coaE	""	coaE	-	1708719	coaE	coaE	coaE	GO593_08145	IX87_16190	1	3
TU286Y-947	GO593_RS08165	GO593_08165	Other	IX87_16210	tpiA	tpiA	tpiA	tpiA	""	tpiA	+	1712839	tpiA	tpiA	tpiA	GO593_08165	IX87_16210	1	2
TU286Y-949	GO593_RS08190	GO593_08190	Other	IX87_16245	nusA	nusA	nusA	nusA	""	nusA	+	1715013	nusA-infB	nusA-infB	nusA, infB	GO593_08190, GO593_08195	IX87_16245, IX87_16250	2	4
TU286Y-949	GO593_RS08195	GO593_08195	Other	IX87_16250	infB	infB	infB	infB	""	infB	+	1715013	nusA-infB	nusA-infB	nusA, infB	GO593_08190, GO593_08195	IX87_16245, IX87_16250	2	4
TU286Y-950	GO593_RS08210	GO593_08210	Other	IX87_16265	phaF	mrpF	phaF	phaF	""	mrpF	-	1725910	phaABCDEF	phaABCDEF	phaAB, phaC, phaD, phaE, phaF	GO593_08230, GO593_08225, GO593_08220, GO593_08215, GO593_08210	IX87_16285, IX87_16280, IX87_16275, IX87_16270, IX87_16265	5	6
TU286Y-950	GO593_RS08215	GO593_08215	Other	IX87_16270	phaE	phaE	phaE	phaE	""	phaE	-	1725910	phaABCDEF	phaABCDEF	phaAB, phaC, phaD, phaE, phaF	GO593_08230, GO593_08225, GO593_08220, GO593_08215, GO593_08210	IX87_16285, IX87_16280, IX87_16275, IX87_16270, IX87_16265	5	6
TU286Y-950	GO593_RS08220	GO593_08220	Other	IX87_16275	phaD	AIL80107.1	phaD	phaD	""	phaD	-	1725910	phaABCDEF	phaABCDEF	phaAB, phaC, phaD, phaE, phaF	GO593_08230, GO593_08225, GO593_08220, GO593_08215, GO593_08210	IX87_16285, IX87_16280, IX87_16275, IX87_16270, IX87_16265	5	6
TU286Y-950	GO593_RS08225	GO593_08225	Other	IX87_16280	phaC	mnhC1	phaC	phaC	""	mnhC1	-	1725910	phaABCDEF	phaABCDEF	phaAB, phaC, phaD, phaE, phaF	GO593_08230, GO593_08225, GO593_08220, GO593_08215, GO593_08210	IX87_16285, IX87_16280, IX87_16275, IX87_16270, IX87_16265	5	6
TU286Y-950	GO593_RS08230	GO593_08230	Other	IX87_16285	phaAB	AIL80109.1	phaAB	phaAB	""	phaAB	-	1725910	phaABCDEF	phaABCDEF	phaAB, phaC, phaD, phaE, phaF	GO593_08230, GO593_08225, GO593_08220, GO593_08215, GO593_08210	IX87_16285, IX87_16280, IX87_16275, IX87_16270, IX87_16265	5	6
TU286Y-953	GO593_RS08265	GO593_08265	Other	IX87_16320	ubiE	ubiE	ubiE	ubiE	""	ubiE	-	1734766	ubiE	ubiE	ubiE	GO593_08265	IX87_16320	1	3
TU286Y-957	GO593_RS08305	GO593_08305	Ribosome	IX87_16360	rpsO	rpsO	rpsO	rpsO	""	rpsO	+	1749373	rpsO	rpsO	rpsO	GO593_08305	IX87_16360	1	1
TU286Y-958	GO593_RS08310	GO593_08310	Other	IX87_16365	pnp	pnp	pnp	pnp	""	pnp	+	1749894	pnp	pnp	pnp	GO593_08310	IX87_16365	1	1
TU286Y-964	GO593_RS08345	GO593_08345	Other	IX87_16400	priA	priA	priA	priA	""	priA	-	1760915	priA	priA	priA	GO593_08345	IX87_16400	1	1
TU286Y-968	GO593_RS08370	GO593_08370	Other	IX87_16425	lnt	lnt	lnt	lnt	""	lnt	-	1765531	lnt	lnt	lnt	GO593_08370	IX87_16425	1	2
TU286Y-2383	GO593_RS08380	GO593_08380	Other	IX87_16435	sirA, tusA	tusA	tusA	tusA	""	tusA	+	1766551	tusA	tusA	tusA	GO593_08380	IX87_16435	1	1
TU286Y-2382	GO593_RS08385	GO593_08385	Other	IX87_16440	etfD, fixC, ydiS, ygcN	AIL80140.1	etfD, fixC, ydiS, ygcN	etfD	""	etfD	-	1768617	etfD	etfD	etfD	GO593_08385	IX87_16440	1	1
TU286Y-972	GO593_RS08405	GO593_08405	Other	IX87_16460	hemH	hemH	hemH	hemH	""	hemH	+	1771528	hemH	hemH	hemH	GO593_08405	IX87_16460	1	2
TU286Y-2371	GO593_RS08615	GO593_08615	Other	IX87_16675	infA	infA	infA	infA	""	infA	-	1814260	infA	infA	infA	GO593_08615	IX87_16675	1	1
TU286Y-1001	GO593_RS08645	GO593_08645	Other	IX87_16705	asd	asd	asd	asd	""	asd	-	1821346	asd	asd	asd	GO593_08645	IX87_16705	1	1
TU286Y-1009	GO593_RS08700	GO593_08700	Other	IX87_16760	topA	topA	topA	topA	""	topA	+	1832240	topA	topA	topA	GO593_08700	IX87_16760	1	2
TU286Y-1017	GO593_RS08750	GO593_08750	Ribosome	IX87_16810	rpmB	rpmB	rpmB	rpmB	""	rpmB	-	1842483	rpmB	rpmB	rpmB	GO593_08750	IX87_16810	1	2
TU286Y-1020	GO593_RS08765	GO593_08765	Other	IX87_16855	purU, purU1, purU2	IX87_16855	purU	purU	""	purU	+	1844978	purU	purU	purU	GO593_08765	IX87_16855	1	1
TU286Y-1021	GO593_RS08770	GO593_08770	Other	IX87_16860	unknown	IX87_16860	GO593_08770	tonB	https://www.genome.jp/dbget-bin/www_bget?ko:K03832	tonB	+	1846272	tonB	tonB	tonB	GO593_08770	IX87_16860	1	1
TU286Y-1022	GO593_RS08775	GO593_08775	Other	IX87_16865	unknown	exbB_1	GO593_08775	exbB1	""	exbB_1	+	1847033	exbB1D4	exbB1D4	exbB1, exbD4	GO593_08775, GO593_08780	IX87_16865, IX87_16870	2	2
TU286Y-1022	GO593_RS08780	GO593_08780	Other	IX87_16870	unknown	exbD_4	GO593_08780	exbD4	""	exbD_4	+	1847033	exbB1D4	exbB1D4	exbB1, exbD4	GO593_08775, GO593_08780	IX87_16865, IX87_16870	2	2
TU286Y-1024	GO593_RS08800	GO593_08800	Other	IX87_16890	thyA	thyA	thyA	thyA	""	thyA	-	1851207	thyA	thyA	thyA	GO593_08800	IX87_16890	1	3
TU286Y-1026	GO593_RS08815	GO593_08815	Other	IX87_16905	lgt	lgt	lgt	lgt	""	lgt	-	1852954	lgt	lgt	lgt	GO593_08815	IX87_16905	1	1
TU286Y-1044	GO593_RS08945	GO593_08945	Other	IX87_16990	clpX	clpX	clpX	clpX	""	clpX	+	1879851	clpX	clpX	clpX	GO593_08945	IX87_16990	1	2
TU286Y-1056	GO593_RS09040	GO593_09040	Other	IX87_17090	ndk	ndk	ndk	ndk	""	ndk	+	1905063	ndk	ndk	ndk	GO593_09040	IX87_17090	1	1
TU286Y-1058	GO593_RS09060	GO593_09060	tRNA Ligase+Other	IX87_17110	ispG, gcpE	IX87_17110	ispG	ispG	""	ispG	+	1908469	ispG-hisS	ispG-hisS	ispG, hisS	GO593_09060, GO593_09065	IX87_17110, IX87_17115	2	6
TU286Y-1058	GO593_RS09065	GO593_09065	tRNA Ligase+Other	IX87_17115	hisS	AIL80271.1	hisS	hisS	""	hisS	+	1908469	ispG-hisS	ispG-hisS	ispG, hisS	GO593_09060, GO593_09065	IX87_17110, IX87_17115	2	6
TU286Y-1059	GO593_RS09080	GO593_09080	Other	IX87_17130	der	der	der	der	""	der	+	1912933	der	der	der	GO593_09080	IX87_17130	1	1
TU286Y-1060	GO593_RS09085	GO593_09085	Other	IX87_17135	unknown	AIL80275.1	GO593_09085	acpT	https://www.genome.jp/entry/K06133	acpT	+	1914460	acpT	acpT	acpT	GO593_09085	IX87_17135	1	1
TU286Y-1063	GO593_RS09110	GO593_09110	Other	IX87_17160	orn	orn	orn	orn	""	orn	+	1917637	orn	orn	orn	GO593_09110	IX87_17160	1	1
TU286Y-1065	GO593_RS09120	GO593_09120	Other	IX87_17170	fabI	AIL80282.1	fabI	fabI	""	fabI	+	1919197	fabI	fabI	fabI	GO593_09120	IX87_17170	1	1
TU286Y-1067	GO593_RS09140	GO593_09140	tRNA Ligase+Other	IX87_17190	holA	holA	holA	holA	""	holA	-	1929133	leuS-holA	leuS-holA	leuS, holA	GO593_09150, GO593_09140	IX87_17200, IX87_17190	2	3
TU286Y-1067	GO593_RS09150	GO593_09150	tRNA Ligase+Other	IX87_17200	leuS	AIL80288.1	leuS	leuS	""	leuS	-	1929133	leuS-holA	leuS-holA	leuS, holA	GO593_09150, GO593_09140	IX87_17200, IX87_17190	2	3
TU286Y-1090	GO593_RS09350	GO593_09350	Other	IX87_17415	folK	folK	folK	folK	""	folK	+	1973180	folK	folK	folK	GO593_09350	IX87_17415	1	2
TU286Y-1091	GO593_RS09360	GO593_09360	Other	IX87_17425	panC	IX87_17425	panC	panC	""	panC	+	1974521	panC	panC	panC	GO593_09360	IX87_17425	1	5
TU286Y-1092	GO593_RS09385	GO593_09385	tRNA Ligase+Other	IX87_17450	thrS	IX87_17450	thrS	thrS	""	thrS	+	1979149	thrS-infC	thrS-infC	thrS, infC	GO593_09385, GO593_09390	IX87_17450, IX87_17455	2	2
TU286Y-1092	GO593_RS09390	GO593_09390	tRNA Ligase+Other	IX87_17455	infC	infC	infC	infC	""	infC	+	1979149	thrS-infC	thrS-infC	thrS, infC	GO593_09385, GO593_09390	IX87_17450, IX87_17455	2	2
TU286Y-1095	GO593_RS09410	GO593_09410	Ribosome	IX87_17475	rpmI	rpmI	rpmI	rpmI	""	rpmI	+	1984474	rpmI-rplT	rpmI-rplT	rpmI, rplT	GO593_09410, GO593_09415	IX87_17475, IX87_17480	2	2
TU286Y-1095	GO593_RS09415	GO593_09415	Ribosome	IX87_17480	rplT	rplT	rplT	rplT	""	rplT	+	1984474	rpmI-rplT	rpmI-rplT	rpmI, rplT	GO593_09410, GO593_09415	IX87_17475, IX87_17480	2	2
TU286Y-1098	GO593_RS09435	GO593_09435	tRNA Ligase	IX87_17505	pheS	pheS	pheS	pheS	""	pheS	+	1987415	pheST	pheST	pheS, pheT	GO593_09435, GO593_09440	IX87_17505, IX87_17510	2	3
TU286Y-1098	GO593_RS09440	GO593_09440	tRNA Ligase	IX87_17510	pheT	pheT	pheT	pheT	""	pheT	+	1987415	pheST	pheST	pheS, pheT	GO593_09435, GO593_09440	IX87_17505, IX87_17510	2	3
TU286Y-1099	GO593_RS09460	GO593_09460	Other	IX87_17525	rho	rho	rho	rho	""	rho	-	1993203	rho	rho	rho	GO593_09460	IX87_17525	1	1
TU286Y-1101	GO593_RS09475	GO593_09475	Other	IX87_17540	accA	accA	accA	accA	""	accA	+	1995669	accA-tilS	accA-tilS	accA, tilS	GO593_09475, GO593_09480	IX87_17540, IX87_17545	2	3
TU286Y-1101	GO593_RS09480	GO593_09480	Other	IX87_17545	tilS	tilS	tilS	tilS	""	tilS	+	1995669	accA-tilS	accA-tilS	accA, tilS	GO593_09475, GO593_09480	IX87_17540, IX87_17545	2	3
TU286Y-2355	GO593_RS09495	GO593_09495	Other	IX87_17560	polA	polA	polA	polA	""	polA	-	2002062	polA	polA	polA	GO593_09495	IX87_17560	1	1
TU286Y-1114	GO593_RS09595	GO593_09595	Cell Wall/PG	IX87_17660	murA	murA	murA	murA	""	murA	+	2021874	murA	murA	murA	GO593_09595	IX87_17660	1	5
TU286Y-1119	GO593_RS09665	GO593_09665	Other	IX87_17730	tsaB	tsaB	tsaB	tsaB	""	tsaB	+	2038251	tsaB	tsaB	tsaB	GO593_09665	IX87_17730	1	2
TU286Y-1121	GO593_RS09690	GO593_09690	Other	IX87_17755	rpe	rpe	rpe	rpe	""	rpe	+	2042584	rpe	rpe	rpe	GO593_09690	IX87_17755	1	1
TU286Y-1146	GO593_RS09905	GO593_09905	Other	IX87_18005	nrdB	AIL80430.1	nrdB	nrdB	""	nrdB	-	2086198	nrdB	nrdB	nrdB	GO593_09905	IX87_18005	1	1
TU286Y-1147	GO593_RS09915	GO593_09915	Other	IX87_18015	nrdA, nrdJa	nrdA	nrdA, nrdJa	nrdA	""	nrdA	-	2089360	nrdA	nrdA	nrdA	GO593_09915	IX87_18015	1	2
TU286Y-1151	GO593_RS09945	GO593_09945	Ox Phos	IX87_18075	nuoA	nuoA	nuoA	nuoA	""	nuoA	+	2094607	nuoABDEFGHIJKLMN	nuoABDEFGHIJKLMN	nuoA, nuoB, nuoD, nuoE, nuoF, nuoG, nuoH, nuoI, nuoJ, nuoK, nuoL, nuoM, nuoN	GO593_09945, GO593_09950, GO593_09955, GO593_09960, GO593_09965, GO593_09970, GO593_09975, GO593_09980, GO593_09985, GO593_09990, GO593_09995, GO593_10000, GO593_10005	IX87_18075, IX87_18080, IX87_18085, IX87_18090, IX87_18095, IX87_18100, IX87_18105, IX87_18110, IX87_18115, IX87_18120, IX87_18125, IX87_18130, IX87_18135	13	13
TU286Y-1151	GO593_RS09950	GO593_09950	Ox Phos	IX87_18080	nuoB	nuoB	nuoB	nuoB	""	nuoB	+	2094607	nuoABDEFGHIJKLMN	nuoABDEFGHIJKLMN	nuoA, nuoB, nuoD, nuoE, nuoF, nuoG, nuoH, nuoI, nuoJ, nuoK, nuoL, nuoM, nuoN	GO593_09945, GO593_09950, GO593_09955, GO593_09960, GO593_09965, GO593_09970, GO593_09975, GO593_09980, GO593_09985, GO593_09990, GO593_09995, GO593_10000, GO593_10005	IX87_18075, IX87_18080, IX87_18085, IX87_18090, IX87_18095, IX87_18100, IX87_18105, IX87_18110, IX87_18115, IX87_18120, IX87_18125, IX87_18130, IX87_18135	13	13
TU286Y-1151	GO593_RS09955	GO593_09955	Ox Phos	IX87_18085	nuoCD, nuoC, nuoD	nuoD	nuoC	nuoD	""	nuoD	+	2094607	nuoABDEFGHIJKLMN	nuoABDEFGHIJKLMN	nuoA, nuoB, nuoD, nuoE, nuoF, nuoG, nuoH, nuoI, nuoJ, nuoK, nuoL, nuoM, nuoN	GO593_09945, GO593_09950, GO593_09955, GO593_09960, GO593_09965, GO593_09970, GO593_09975, GO593_09980, GO593_09985, GO593_09990, GO593_09995, GO593_10000, GO593_10005	IX87_18075, IX87_18080, IX87_18085, IX87_18090, IX87_18095, IX87_18100, IX87_18105, IX87_18110, IX87_18115, IX87_18120, IX87_18125, IX87_18130, IX87_18135	13	13
TU286Y-1151	GO593_RS09960	GO593_09960	Ox Phos	IX87_18090	nuoE	nuoE	nuoE	nuoE	""	nuoE	+	2094607	nuoABDEFGHIJKLMN	nuoABDEFGHIJKLMN	nuoA, nuoB, nuoD, nuoE, nuoF, nuoG, nuoH, nuoI, nuoJ, nuoK, nuoL, nuoM, nuoN	GO593_09945, GO593_09950, GO593_09955, GO593_09960, GO593_09965, GO593_09970, GO593_09975, GO593_09980, GO593_09985, GO593_09990, GO593_09995, GO593_10000, GO593_10005	IX87_18075, IX87_18080, IX87_18085, IX87_18090, IX87_18095, IX87_18100, IX87_18105, IX87_18110, IX87_18115, IX87_18120, IX87_18125, IX87_18130, IX87_18135	13	13
TU286Y-1151	GO593_RS09965	GO593_09965	Ox Phos	IX87_18095	nuoF	IX87_18095	nuoF	nuoF	""	nuoF	+	2094607	nuoABDEFGHIJKLMN	nuoABDEFGHIJKLMN	nuoA, nuoB, nuoD, nuoE, nuoF, nuoG, nuoH, nuoI, nuoJ, nuoK, nuoL, nuoM, nuoN	GO593_09945, GO593_09950, GO593_09955, GO593_09960, GO593_09965, GO593_09970, GO593_09975, GO593_09980, GO593_09985, GO593_09990, GO593_09995, GO593_10000, GO593_10005	IX87_18075, IX87_18080, IX87_18085, IX87_18090, IX87_18095, IX87_18100, IX87_18105, IX87_18110, IX87_18115, IX87_18120, IX87_18125, IX87_18130, IX87_18135	13	13
TU286Y-1151	GO593_RS09970	GO593_09970	Ox Phos	IX87_18100	nuoG	nuoG	nuoG	nuoG	""	nuoG	+	2094607	nuoABDEFGHIJKLMN	nuoABDEFGHIJKLMN	nuoA, nuoB, nuoD, nuoE, nuoF, nuoG, nuoH, nuoI, nuoJ, nuoK, nuoL, nuoM, nuoN	GO593_09945, GO593_09950, GO593_09955, GO593_09960, GO593_09965, GO593_09970, GO593_09975, GO593_09980, GO593_09985, GO593_09990, GO593_09995, GO593_10000, GO593_10005	IX87_18075, IX87_18080, IX87_18085, IX87_18090, IX87_18095, IX87_18100, IX87_18105, IX87_18110, IX87_18115, IX87_18120, IX87_18125, IX87_18130, IX87_18135	13	13
TU286Y-1151	GO593_RS09975	GO593_09975	Ox Phos	IX87_18105	nuoH	nuoH	nuoH	nuoH	""	nuoH	+	2094607	nuoABDEFGHIJKLMN	nuoABDEFGHIJKLMN	nuoA, nuoB, nuoD, nuoE, nuoF, nuoG, nuoH, nuoI, nuoJ, nuoK, nuoL, nuoM, nuoN	GO593_09945, GO593_09950, GO593_09955, GO593_09960, GO593_09965, GO593_09970, GO593_09975, GO593_09980, GO593_09985, GO593_09990, GO593_09995, GO593_10000, GO593_10005	IX87_18075, IX87_18080, IX87_18085, IX87_18090, IX87_18095, IX87_18100, IX87_18105, IX87_18110, IX87_18115, IX87_18120, IX87_18125, IX87_18130, IX87_18135	13	13
TU286Y-1151	GO593_RS09980	GO593_09980	Ox Phos	IX87_18110	nuoI	nuoI	nuoI	nuoI	""	nuoI	+	2094607	nuoABDEFGHIJKLMN	nuoABDEFGHIJKLMN	nuoA, nuoB, nuoD, nuoE, nuoF, nuoG, nuoH, nuoI, nuoJ, nuoK, nuoL, nuoM, nuoN	GO593_09945, GO593_09950, GO593_09955, GO593_09960, GO593_09965, GO593_09970, GO593_09975, GO593_09980, GO593_09985, GO593_09990, GO593_09995, GO593_10000, GO593_10005	IX87_18075, IX87_18080, IX87_18085, IX87_18090, IX87_18095, IX87_18100, IX87_18105, IX87_18110, IX87_18115, IX87_18120, IX87_18125, IX87_18130, IX87_18135	13	13
TU286Y-1151	GO593_RS09985	GO593_09985	Ox Phos	IX87_18115	nuoJ	nuoJ	nuoJ	nuoJ	""	nuoJ	+	2094607	nuoABDEFGHIJKLMN	nuoABDEFGHIJKLMN	nuoA, nuoB, nuoD, nuoE, nuoF, nuoG, nuoH, nuoI, nuoJ, nuoK, nuoL, nuoM, nuoN	GO593_09945, GO593_09950, GO593_09955, GO593_09960, GO593_09965, GO593_09970, GO593_09975, GO593_09980, GO593_09985, GO593_09990, GO593_09995, GO593_10000, GO593_10005	IX87_18075, IX87_18080, IX87_18085, IX87_18090, IX87_18095, IX87_18100, IX87_18105, IX87_18110, IX87_18115, IX87_18120, IX87_18125, IX87_18130, IX87_18135	13	13
TU286Y-1151	GO593_RS09990	GO593_09990	Ox Phos	IX87_18120	nuoK	nuoK	nuoK	nuoK	""	nuoK	+	2094607	nuoABDEFGHIJKLMN	nuoABDEFGHIJKLMN	nuoA, nuoB, nuoD, nuoE, nuoF, nuoG, nuoH, nuoI, nuoJ, nuoK, nuoL, nuoM, nuoN	GO593_09945, GO593_09950, GO593_09955, GO593_09960, GO593_09965, GO593_09970, GO593_09975, GO593_09980, GO593_09985, GO593_09990, GO593_09995, GO593_10000, GO593_10005	IX87_18075, IX87_18080, IX87_18085, IX87_18090, IX87_18095, IX87_18100, IX87_18105, IX87_18110, IX87_18115, IX87_18120, IX87_18125, IX87_18130, IX87_18135	13	13
TU286Y-1151	GO593_RS09995	GO593_09995	Ox Phos	IX87_18125	nuoL	IX87_18125	nuoL	nuoL	""	nuoL	+	2094607	nuoABDEFGHIJKLMN	nuoABDEFGHIJKLMN	nuoA, nuoB, nuoD, nuoE, nuoF, nuoG, nuoH, nuoI, nuoJ, nuoK, nuoL, nuoM, nuoN	GO593_09945, GO593_09950, GO593_09955, GO593_09960, GO593_09965, GO593_09970, GO593_09975, GO593_09980, GO593_09985, GO593_09990, GO593_09995, GO593_10000, GO593_10005	IX87_18075, IX87_18080, IX87_18085, IX87_18090, IX87_18095, IX87_18100, IX87_18105, IX87_18110, IX87_18115, IX87_18120, IX87_18125, IX87_18130, IX87_18135	13	13
TU286Y-1151	GO593_RS10000	GO593_10000	Ox Phos	IX87_18130	nuoM	IX87_18130	nuoM	nuoM	""	nuoM	+	2094607	nuoABDEFGHIJKLMN	nuoABDEFGHIJKLMN	nuoA, nuoB, nuoD, nuoE, nuoF, nuoG, nuoH, nuoI, nuoJ, nuoK, nuoL, nuoM, nuoN	GO593_09945, GO593_09950, GO593_09955, GO593_09960, GO593_09965, GO593_09970, GO593_09975, GO593_09980, GO593_09985, GO593_09990, GO593_09995, GO593_10000, GO593_10005	IX87_18075, IX87_18080, IX87_18085, IX87_18090, IX87_18095, IX87_18100, IX87_18105, IX87_18110, IX87_18115, IX87_18120, IX87_18125, IX87_18130, IX87_18135	13	13
TU286Y-1151	GO593_RS10005	GO593_10005	Ox Phos	IX87_18135	nuoN	AIL80452.1	nuoN	nuoN	""	nuoN	+	2094607	nuoABDEFGHIJKLMN	nuoABDEFGHIJKLMN	nuoA, nuoB, nuoD, nuoE, nuoF, nuoG, nuoH, nuoI, nuoJ, nuoK, nuoL, nuoM, nuoN	GO593_09945, GO593_09950, GO593_09955, GO593_09960, GO593_09965, GO593_09970, GO593_09975, GO593_09980, GO593_09985, GO593_09990, GO593_09995, GO593_10000, GO593_10005	IX87_18075, IX87_18080, IX87_18085, IX87_18090, IX87_18095, IX87_18100, IX87_18105, IX87_18110, IX87_18115, IX87_18120, IX87_18125, IX87_18130, IX87_18135	13	13
TU286Y-2340	GO593_RS10025	GO593_10025	Other	IX87_18155	fpr	fpr_1	fpr	fpr1	""	fpr_1	+	2111793	fpr1	fpr1	fpr1	GO593_10025	IX87_18155	1	1
TU286Y-2336	GO593_RS10155	GO593_10155	Other	IX87_18285	ffh	ffh	ffh	ffh	""	ffh	+	2140478	ffh	ffh	ffh	GO593_10155	IX87_18285	1	1
TU286Y-1172	GO593_RS10160	GO593_10160	Other	IX87_18290	coaX	AIL80483.1	coaX	coaX	""	coaX	-	2143439	birA-coaX	birA-coaX	birA, coaX	GO593_10165, GO593_10160	IX87_18295, IX87_18290	2	2
TU286Y-1172	GO593_RS10165	GO593_10165	Other	IX87_18295	birA	birA	birA	birA	""	birA	-	2143439	birA-coaX	birA-coaX	birA, coaX	GO593_10165, GO593_10160	IX87_18295, IX87_18290	2	2
TU286Y-1174	GO593_RS10185	GO593_10185	Cell Wall/PG	IX87_18325	zipA	zipA	zipA	zipA	""	zipA	+	2148679	zipA	zipA	zipA	GO593_10185	IX87_18325	1	3
TU286Y-1175	GO593_RS10190	GO593_10190	Other	IX87_18330	ligA, lig	ligA	ligA	ligA	""	ligA	+	2149811	ligA	ligA	ligA	GO593_10190	IX87_18330	1	1
TU286Y-1185	GO593_RS10265	GO593_10265	Other	IX87_18405	yceD	AIL80506.1	yceD	yceD	""	yceD	+	2165510	yceD	yceD	yceD	GO593_10265	IX87_18405	1	1
TU286Y-1186	GO593_RS10270	GO593_10270	Ribosome	IX87_18410	rpmF	rpmF	rpmF	rpmF	""	rpmF	+	2166145	rpmF	rpmF	rpmF	GO593_10270	IX87_18410	1	1
TU286Y-1187	GO593_RS10275	GO593_10275	Other	IX87_18415	fabD	fabD	fabD	fabD	""	fabD	+	2166483	fabDG	fabDG	fabD, fabG	GO593_10275, GO593_10280	IX87_18415, IX87_18420	2	2
TU286Y-1187	GO593_RS10280	GO593_10280	Other	IX87_18420	fabG	IX87_18420	fabG	fabG	""	fabG	+	2166483	fabDG	fabDG	fabD, fabG	GO593_10275, GO593_10280	IX87_18415, IX87_18420	2	2
TU286Y-1188	GO593_RS10285	GO593_10285	Other	IX87_18425	acpP	acpP	acpP	acpP	""	acpP	+	2168285	acpP	acpP	acpP	GO593_10285	IX87_18425	1	1
TU286Y-2335	GO593_RS10295	GO593_10295	Other	IX87_18435	thiD	thiD	thiD	thiD	""	thiD	-	2169999	thiD	thiD	thiD	GO593_10295	IX87_18435	1	1
TU286Y-1192	GO593_RS10325	GO593_10325	Ribosome+Other	IX87_18465	pth	IX87_18465	pth	pth	""	pth	-	2175721	rplY-pth	rplY-pth	rplY, pth	GO593_10330, GO593_10325	IX87_18470, IX87_18465	2	2
TU286Y-1192	GO593_RS10330	GO593_10330	Ribosome+Other	IX87_18470	rplY	rplY	rplY	rplY	""	rplY	-	2175721	rplY-pth	rplY-pth	rplY, pth	GO593_10330, GO593_10325	IX87_18470, IX87_18465	2	2
TU286Y-1193	GO593_RS10335	GO593_10335	Other	IX87_18475	prs	prs	prs	prs	""	prs	-	2178675	lolB-ispE-prs	lolB-ispE…	lolB, ispE, prs	GO593_10365, GO593_10360, GO593_10335	IX87_18505, IX87_18500, IX87_18475	3	8
TU286Y-1193	GO593_RS10360	GO593_10360	Other	IX87_18500	ispE, ipk	IX87_18500	ispE	ispE	""	ispE	-	2178675	lolB-ispE-prs	lolB-ispE…	lolB, ispE, prs	GO593_10365, GO593_10360, GO593_10335	IX87_18505, IX87_18500, IX87_18475	3	8
TU286Y-1193	GO593_RS10365	GO593_10365	Other	IX87_18505	lolB	lolB	lolB	lolB	""	lolB	-	2178675	lolB-ispE-prs	lolB-ispE…	lolB, ispE, prs	GO593_10365, GO593_10360, GO593_10335	IX87_18505, IX87_18500, IX87_18475	3	8
TU286Y-2332	GO593_RS10375	GO593_10375	Other	IX87_18515	hemA	AIL80524.1	hemA	hemA	""	hemA	+	2180477	hemA	hemA	hemA	GO593_10375	IX87_18515	1	1
TU286Y-1194	GO593_RS10380	GO593_10380	Other	IX87_18520	dnaG	IX87_18520	dnaG	dnaG	""	dnaG	-	2183623	dnaG	dnaG	dnaG	GO593_10380	IX87_18520	1	1
TU286Y-1198	GO593_RS10410	GO593_10410	Other	IX87_01935	coaD	IX87_01935	coaD	coaD	""	coaD	+	2188236	coaD-fdx1	coaD-fdx1	coaD, fdx1	GO593_10410, GO593_10415	IX87_01935, IX87_01930	2	3
TU286Y-1198	GO593_RS10415	GO593_10415	Other	IX87_01930	yfhL, fdx1	fdx_1	yfhL, fdx1	fdx1	""	fdx_1	+	2188236	coaD-fdx1	coaD-fdx1	coaD, fdx1	GO593_10410, GO593_10415	IX87_01935, IX87_01930	2	3
TU286Y-1206	GO593_RS10480	GO593_10480	Other	IX87_01870	nadE	IX87_01870	nadE	nadE	""	nadE	-	2202360	nadE	nadE	nadE	GO593_10480	IX87_01870	1	2
TU286Y-1209	GO593_RS10495	GO593_10495	Other	IX87_01855	hemJ	IX87_01855	hemJ	hemJ	""	hemJ	-	2206127	fabB2-hemJ	fabB2-hemJ	fabB2, hemJ	GO593_10500, GO593_10495	IX87_01850, IX87_01855	2	2
TU286Y-1209	GO593_RS10500	GO593_10500	Other	IX87_01850	fabB	fabB_1	fabB	fabB2	""	fabB_2	-	2206127	fabB2-hemJ	fabB2-hemJ	fabB2, hemJ	GO593_10500, GO593_10495	IX87_01850, IX87_01855	2	2
TU286Y-1211	GO593_RS10510	GO593_10510	Ribosome	IX87_01840	rpsL	rpsL	rpsL	rpsL	""	rpsL	+	2207949	rpsLG	rpsLG	rpsL, rpsG	GO593_10510, GO593_10515	IX87_01840, IX87_01835	2	2
TU286Y-1211	GO593_RS10515	GO593_10515	Ribosome	IX87_01835	rpsG	rpsG	rpsG	rpsG	""	rpsG	+	2207949	rpsLG	rpsLG	rpsL, rpsG	GO593_10510, GO593_10515	IX87_01840, IX87_01835	2	2
TU286Y-1212	GO593_RS10520	GO593_10520	Other	IX87_01830	fusA, fusA2, fusA1	fusA	fusA	fusA	""	fusA	+	2209132	fusA	fusA	fusA	GO593_10520	IX87_01830	1	1
TU286Y-1219	GO593_RS10560	GO593_10560	Other	IX87_01775	ftsK	AIL77404.1	ftsK	ftsK	""	ftsK	+	2218263	ftsK	ftsK	ftsK	GO593_10560	IX87_01775	1	1
TU286Y-1222	GO593_RS10575	GO593_10575	Other	IX87_01760	minE	minE	minE	minE	""	minE	-	2224332	minCE	minCE	minC, minE	GO593_10585, GO593_10575	IX87_01750, IX87_01760	2	3
TU286Y-1222	GO593_RS10585	GO593_10585	Other	IX87_01750	minC	minC	minC	minC	""	minC	-	2224332	minCE	minCE	minC, minE	GO593_10585, GO593_10575	IX87_01750, IX87_01760	2	3
TU286Y-1225	GO593_RS10605	GO593_10605	Other	IX87_01730	rep	AIL77395.1	rep	rep	""	rep	+	2227561	rep-dut	rep-dut	rep, dut	GO593_10605, GO593_10610	IX87_01730, IX87_01725	2	2
TU286Y-1225	GO593_RS10610	GO593_10610	Other	IX87_01725	dut	dut	dut	dut	""	dut	+	2227561	rep-dut	rep-dut	rep, dut	GO593_10605, GO593_10610	IX87_01730, IX87_01725	2	2
TU286Y-1230	GO593_RS10640	GO593_10640	Other	IX87_01695	unknown	AIL77388.1	GO593_10640	GO593_10640	""	GO593_10640	+	2235340	GO593_10640	GO593_10640	GO593_10640	GO593_10640	IX87_01695	1	2
TU286Y-2328	GO593_RS10655	GO593_10655	Other	IX87_01680	fur	fur	fur	fur	""	fur	+	2237295	fur	fur	fur	GO593_10655	IX87_01680	1	1
TU286Y-1235	GO593_RS10710	GO593_10710	Other	IX87_01620	hemB	hemB	hemB	hemB	""	hemB	-	2250941	hemB	hemB	hemB	GO593_10710	IX87_01620	1	2
TU286Y-2309	GO593_RS11270	GO593_11270	Other	IX87_00610	cynT	mtcA2	cynT	mtcA2	""	mtcA2	+	2378517	mtcA2	mtcA2	mtcA2	GO593_11270	IX87_00610	1	1
TU286Y-1300	GO593_RS11345	GO593_11345	tRNA Ligase	IX87_00530	lysS, lysU	lysS	lysS	lysS	""	lysS	+	2392644	lysS	lysS	lysS	GO593_11345	IX87_00530	1	1
TU286Y-1313	GO593_RS11470	GO593_11470	Other	IX87_00385	adk	IX87_00385	adk	adk	""	adk	+	2418493	adk	adk	adk	GO593_11470	IX87_00385	1	2
TU286Y-1322	GO593_RS11535	GO593_11535	Other	unknown	unknown	unknown	GO593_11535	GO593_11535	""	GO593_11535	+	2437758	GO593_11535	GO593_11535	GO593_11535	GO593_11535	unknown	1	1
TU286Y-1327	GO593_RS11615	GO593_11615	Other	IX87_00220	unknown	AIL77108.1	GO593_11615	GO593_11615	""	GO593_11615	-	2446769	GO593_11615	GO593_11615	GO593_11615	GO593_11615	IX87_00220	1	2
TU286Y-1361	GO593_RS11915	GO593_11915	Other	IX87_05760	unknown	smc_2	GO593_11915	smc2	""	smc_2	-	2492185	smc2	smc2	smc2	GO593_11915	IX87_05760	1	2
TU286Y-1363	GO593_RS11930	GO593_11930	Other	IX87_05745	ubiH	AIL78154.1	ubiH	ubiH	""	ubiH	+	2494302	ubiHI	ubiHI	ubiH, ubiI	GO593_11930, GO593_11935	IX87_05745, IX87_05740	2	3
TU286Y-1363	GO593_RS11935	GO593_11935	Other	IX87_05740	ubiI	ubiI	ubiI	ubiI	""	ubiI	+	2494302	ubiHI	ubiHI	ubiH, ubiI	GO593_11930, GO593_11935	IX87_05745, IX87_05740	2	3
TU286Y-1376	GO593_RS12050	GO593_12050	Other	IX87_05625	pyrC	IX87_05625	pyrC	pyrC	""	pyrC	-	2522034	pyrC	pyrC	pyrC	GO593_12050	IX87_05625	1	3
TU286Y-1408	GO593_RS12335	GO593_12335	Other	IX87_05435	unknown	IX87_05435	GO593_12335	GO593_12335	""	GO593_12335	-	2578047	GO593_12335	GO593_12335	GO593_12335	GO593_12335	IX87_05435	1	1
TU286Y-1426	GO593_RS12465	GO593_12465	Other	IX87_05280	hcaR, marR	marR_1	hcaR, marR	marR1	""	marR_1	+	2607785	marR1	marR1	marR1	GO593_12465	IX87_05280	1	1
TU286Y-1445	GO593_RS12600	GO593_12600	Other	IX87_05125	lysC	lysC	lysC	lysC	""	lysC	-	2637871	lysC	lysC	lysC	GO593_12600	IX87_05125	1	1
TU286Y-1466	GO593_RS12895	GO593_12895	tRNA Ligase	IX87_04765	alaS	IX87_04765	alaS	alaS	""	alaS	-	2682925	alaS	alaS	alaS	GO593_12895	IX87_04765	1	1
TU286Y-1467	GO593_RS12900	GO593_12900	Other	IX87_04760	epd, gap, gapA	epd	epd, gap, gapA	epd	""	epd	+	2683194	epd	epd	epd	GO593_12900	IX87_04760	1	1
TU286Y-1469	GO593_RS12910	GO593_12910	Other	IX87_04750	purA	IX87_04750	purA	purA	""	purA	+	2685726	purA	purA	purA	GO593_12910	IX87_04750	1	1
TU286Y-1494	GO593_RS13095	GO593_13095	Other	IX87_04580	antB, benB, hcaF, xylY	cbdB_1	benB	cbdB1	""	cbdB_1	-	2736642	cbdB1	cbdB1	cbdB1	GO593_13095	IX87_04580	1	4
TU286Y-1503	GO593_RS13165	GO593_13165	Other	IX87_04470	unknown	IX87_04470	GO593_13165	asnC	https://www.ncbi.nlm.nih.gov/ipg/WP_158160719.1	asnC	+	2748309	asnC	asnC	asnC	GO593_13165	IX87_04470	1	1
TU286Y-2265	GO593_RS13170	GO593_13170	Other	IX87_04465	unknown	AIL77913.1	GO593_13170	GO593_13170	""	GO593_13170	-	2749366	GO593_13170	GO593_13170	GO593_13170	GO593_13170	IX87_04465	1	1
GO593_13175		GO593_13175	Other	IX87_04460	unknown	IX87_04460	GO593_13175	GO593_13175	""	GO593_13175	+	2749601	GO593_13175	GO593_13175	GO593_13175	GO593_13175	IX87_04460	1	1
TU286Y-1509	GO593_RS13215	GO593_13215	Other	IX87_04190	unknown	IX87_04190	GO593_13215	GO593_13215	""	GO593_13215	+	2754642	GO593_13215	GO593_13215	GO593_13215	GO593_13215	IX87_04190	1	1
TU286Y-1510	GO593_RS13220	GO593_13220	Other	IX87_04420	unknown	IX87_04420	GO593_13220	GO593_13220	""	GO593_13220	+	2755393	GO593_13220	GO593_13220	GO593_13220	GO593_13220	IX87_04420	1	1
TU286Y-1521	GO593_RS13310	GO593_13310	Other	IX87_06920	fis	fis	fis	ninH	""	ninH	-	2768200	ninH	ninH	ninH	GO593_13310	IX87_06920	1	3
TU286Y-1525	GO593_RS13345	GO593_13345	Other	IX87_07845	prtR	AIL78543.1	prtR	ptrR	""	ptrR	-	2774580	ptrR	ptrR	ptrR	GO593_13345	IX87_07845	1	1
TU286Y-1536	GO593_RS13525	GO593_13525	tRNA Ligase	IX87_04375	cysS	IX87_04375	cysS	cysS	""	cysS	-	2808920	cysS	cysS	cysS	GO593_13525	IX87_04375	1	2
TU286Y-1537	GO593_RS13530	GO593_13530	LOS+Other	IX87_04370	kdsD	kdsD	kdsD	kdsD	""	kdsD	+	2809133	kdsDC-lptCAB	kdsDC-lptCAB	kdsD, kdsC, lptC, lptA, lptB	GO593_13530, GO593_13535, GO593_13540, GO593_13545, GO593_13550	IX87_04370, IX87_04365, IX87_04360, IX87_04355, IX87_04350	5	5
TU286Y-1537	GO593_RS13535	GO593_13535	LOS+Other	IX87_04365	kdsC	kdsC	kdsC	kdsC	""	kdsC	+	2809133	kdsDC-lptCAB	kdsDC-lptCAB	kdsD, kdsC, lptC, lptA, lptB	GO593_13530, GO593_13535, GO593_13540, GO593_13545, GO593_13550	IX87_04370, IX87_04365, IX87_04360, IX87_04355, IX87_04350	5	5
TU286Y-1537	GO593_RS13540	GO593_13540	LOS+Other	IX87_04360	lptC	lptC	lptC	lptC	""	lptC	+	2809133	kdsDC-lptCAB	kdsDC-lptCAB	kdsD, kdsC, lptC, lptA, lptB	GO593_13530, GO593_13535, GO593_13540, GO593_13545, GO593_13550	IX87_04370, IX87_04365, IX87_04360, IX87_04355, IX87_04350	5	5
TU286Y-1537	GO593_RS13545	GO593_13545	LOS+Other	IX87_04355	lptA	lptA	lptA	lptA	""	lptA	+	2809133	kdsDC-lptCAB	kdsDC-lptCAB	kdsD, kdsC, lptC, lptA, lptB	GO593_13530, GO593_13535, GO593_13540, GO593_13545, GO593_13550	IX87_04370, IX87_04365, IX87_04360, IX87_04355, IX87_04350	5	5
TU286Y-1537	GO593_RS13550	GO593_13550	LOS+Other	IX87_04350	lptB	lptB	lptB	lptB	""	lptB	+	2809133	kdsDC-lptCAB	kdsDC-lptCAB	kdsD, kdsC, lptC, lptA, lptB	GO593_13530, GO593_13535, GO593_13540, GO593_13545, GO593_13550	IX87_04370, IX87_04365, IX87_04360, IX87_04355, IX87_04350	5	5
TU286Y-1547	GO593_RS13635	GO593_13635	Other	IX87_04305	fdxA	fdxA	fdxA	fdxA	""	fdxA	-	2833040	fdxA	fdxA	fdxA	GO593_13635	IX87_04305	1	1
TU286Y-1682	GO593_RS14925	GO593_14925	Other	IX87_02905	dnaE	dnaE	dnaE	dnaE	""	dnaE	-	3120255	dnaE	dnaE	dnaE	GO593_14925	IX87_02905	1	3
TU286Y-1703	GO593_RS15125	GO593_15125	Other	unknown	unknown	unknown	GO593_15125	GO593_15125	""	GO593_15125	+	3158566	GO593_15125	GO593_15125	GO593_15125	GO593_15125	unknown	1	1
TU286Y-1709	GO593_RS15205	GO593_15205	Other	IX87_02640	unknown	AIL77565.1	GO593_15205	GO593_15205	""	GO593_15205	-	3177855	GO593_15205	GO593_15205	GO593_15205	GO593_15205	IX87_02640	1	1
TU286Y-2205	GO593_RS15290	GO593_15290	Other	IX87_02540	metK	metK	metK	metK	""	metK	-	3193982	metK	metK	metK	GO593_15290	IX87_02540	1	1
TU286Y-2204	GO593_RS15295	GO593_15295	Other	IX87_02535	tkt, tktB, tktA	IX87_02535	tkt	tkt	""	tkt	+	3194506	tkt	tkt	tkt	GO593_15295	IX87_02535	1	1
TU286Y-1730	GO593_RS15415	GO593_15415	Other	IX87_02405	pgk	pgk	pgk	pgk	""	pgk	+	3219765	pgk-fba	pgk-fba	pgk, fba	GO593_15415, GO593_15425	IX87_02405, IX87_02395	2	3
TU286Y-1730	GO593_RS15425	GO593_15425	Other	IX87_02395	fba, gatY, kbaY, fda	IX87_02395	fba, gatY, kbaY, fda	fba	""	fba	+	3219765	pgk-fba	pgk-fba	pgk, fba	GO593_15415, GO593_15425	IX87_02405, IX87_02395	2	3
TU286Y-1731	GO593_RS15435	GO593_15435	Other	IX87_02385	ostA, lptD	AIL77515.1	lptD	lptD	""	lptD	-	3226349	lptD	lptD	lptD	GO593_15435	IX87_02385	1	2
TU286Y-1733	GO593_RS15460	GO593_15460	Other	IX87_02360	spoOJ	parB	spoOJ	parB	""	parB	+	3229692	parB	parB	parB	GO593_15460	IX87_02360	1	3
TU286Y-1734	GO593_RS15475	GO593_15475	LOS+Other	IX87_02345	msbA	IX87_02345	msbA	msbA	""	msbA	+	3231705	msbA-lpxK-kdsB-holB	msbA-lpxK…	msbA, lpxK, kdsB, holB	GO593_15475, GO593_15480, GO593_15485, GO593_15490	IX87_02345, IX87_02340, IX87_02335, IX87_02330	4	13
TU286Y-1734	GO593_RS15480	GO593_15480	LOS+Other	IX87_02340	lpxK	lpxK	lpxK	lpxK	""	lpxK	+	3231705	msbA-lpxK-kdsB-holB	msbA-lpxK…	msbA, lpxK, kdsB, holB	GO593_15475, GO593_15480, GO593_15485, GO593_15490	IX87_02345, IX87_02340, IX87_02335, IX87_02330	4	13
TU286Y-1734	GO593_RS15485	GO593_15485	LOS+Other	IX87_02335	kdsB	IX87_02335	kdsB	kdsB	""	kdsB	+	3231705	msbA-lpxK-kdsB-holB	msbA-lpxK…	msbA, lpxK, kdsB, holB	GO593_15475, GO593_15480, GO593_15485, GO593_15490	IX87_02345, IX87_02340, IX87_02335, IX87_02330	4	13
TU286Y-1734	GO593_RS15490	GO593_15490	LOS+Other	IX87_02330	holB	AIL77504.1	holB	holB	""	holB	+	3231705	msbA-lpxK-kdsB-holB	msbA-lpxK…	msbA, lpxK, kdsB, holB	GO593_15475, GO593_15480, GO593_15485, GO593_15490	IX87_02345, IX87_02340, IX87_02335, IX87_02330	4	13
TU286Y-1737	GO593_RS15555	GO593_15555	Other	IX87_02265	cmk	IX87_02265	cmk	cmk	""	cmk	+	3244334	cmk	cmk	cmk	GO593_15555	IX87_02265	1	2
TU286Y-1738	GO593_RS15560	GO593_15560	Ribosome	IX87_02260	rpsA	rpsA	rpsA	rpsA	""	rpsA	+	3245125	rpsA	rpsA	rpsA	GO593_15560	IX87_02260	1	1
TU286Y-1739	GO593_RS15565	GO593_15565	Other	IX87_02255	ihfB, himD	ihfB	ihfB, himD	ihfB	""	ihfB	+	3246955	ihfB	ihfB	ihfB	GO593_15565	IX87_02255	1	2
TU286Y-1759	GO593_RS15735	GO593_15735	Other	IX87_18960	fdx, fdx2	fdx	fdx	fdx2	""	fdx_2	-	3287567	hscBA-fdx2	hscBA-fdx2	hscB, hscA, fdx2	GO593_15745, GO593_15740, GO593_15735	IX87_18970, IX87_18965, IX87_18960	3	3
TU286Y-1759	GO593_RS15740	GO593_15740	Other	IX87_18965	hscA	hscA	hscA	hscA	""	hscA	-	3287567	hscBA-fdx2	hscBA-fdx2	hscB, hscA, fdx2	GO593_15745, GO593_15740, GO593_15735	IX87_18970, IX87_18965, IX87_18960	3	3
TU286Y-1759	GO593_RS15745	GO593_15745	Other	IX87_18970	hscB	hscB	hscB	hscB	""	hscB	-	3287567	hscBA-fdx2	hscBA-fdx2	hscB, hscA, fdx2	GO593_15745, GO593_15740, GO593_15735	IX87_18970, IX87_18965, IX87_18960	3	3
TU286Y-1760	GO593_RS15750	GO593_15750	Other	IX87_18975	iscA	iscA	iscA	iscA	""	iscA	-	3287973	iscA	iscA	iscA	GO593_15750	IX87_18975	1	2
TU286Y-1761	GO593_RS15760	GO593_15760	Other	IX87_18985	iscS	IX87_18985	iscS	iscS	""	iscS	-	3290149	iscRS	iscRS	iscR, iscS	GO593_15765, GO593_15760	IX87_18990, IX87_18985	2	2
TU286Y-1761	GO593_RS15765	GO593_15765	Other	IX87_18990	iscR	IX87_18990	iscR	iscR	""	iscR	-	3290149	iscRS	iscRS	iscR, iscS	GO593_15765, GO593_15760	IX87_18990, IX87_18985	2	2
TU286Y-2194	GO593_RS15950	GO593_15950	LOS	IX87_19185	lpxB	lpxB	lpxB	lpxB	""	lpxB	+	3332216	lpxB	lpxB	lpxB	GO593_15950	IX87_19185	1	1
TU286Y-1795	GO593_RS16070	GO593_16070	Other	IX87_19365	aroC	aroC	aroC	aroC	""	aroC	+	3352852	aroC	aroC	aroC	GO593_16070	IX87_19365	1	3
TU286Y-1920	GO593_RS17290	GO593_17290	Other	IX87_20925	ispD, ygbP	IX87_20925	ispD, ygbP	ispD	""	ispD	-	3624835	ispD	ispD	ispD	GO593_17290	IX87_20925	1	2
TU286Y-1921	GO593_RS17305	GO593_17305	Other	IX87_20940	eno	eno	eno	eno	""	eno	-	3627880	eno	eno	eno	GO593_17305	IX87_20940	1	1
TU286Y-1922	GO593_RS17310	GO593_17310	LOS+Other	IX87_20945	kdsA	IX87_20945	kdsA	kdsA	""	kdsA	-	3630452	pyrG-kdsA	pyrG-kdsA	pyrG, kdsA	GO593_17315, GO593_17310	IX87_20950, IX87_20945	2	2
TU286Y-1922	GO593_RS17315	GO593_17315	LOS+Other	IX87_20950	pyrG	pyrG	pyrG	pyrG	""	pyrG	-	3630452	pyrG-kdsA	pyrG-kdsA	pyrG, kdsA	GO593_17315, GO593_17310	IX87_20950, IX87_20945	2	2
TU286Y-1931	GO593_RS17400	GO593_17400	Other	IX87_21035	rpiA	rpiA	rpiA	rpiA	""	rpiA	-	3647831	rpiA	rpiA	rpiA	GO593_17400	IX87_21035	1	2
TU286Y-1940	GO593_RS17485	GO593_17485	Other	IX87_21135	ftsY, flhF	ftsY	ftsY	ftsY	""	ftsY	-	3666898	ftsY	ftsY	ftsY	GO593_17485	IX87_21135	1	1
TU286Y-1967	GO593_RS17695	GO593_17695	LOS+Other	IX87_21620	lpxA	lpxA	lpxA	lpxA	""	lpxA	-	3708096	lpxD-fabZ-lpxA	lpxD-fabZ…	lpxD, fabZ, lpxA	GO593_17705, GO593_17700, GO593_17695	IX87_21630, IX87_21625, IX87_21620	3	4
TU286Y-1967	GO593_RS17700	GO593_17700	LOS+Other	IX87_21625	fabZ	fabZ	fabZ	fabZ	""	fabZ	-	3708096	lpxD-fabZ-lpxA	lpxD-fabZ…	lpxD, fabZ, lpxA	GO593_17705, GO593_17700, GO593_17695	IX87_21630, IX87_21625, IX87_21620	3	4
TU286Y-1967	GO593_RS17705	GO593_17705	LOS+Other	IX87_21630	lpxD	lpxD	lpxD	lpxD	""	lpxD	-	3708096	lpxD-fabZ-lpxA	lpxD-fabZ…	lpxD, fabZ, lpxA	GO593_17705, GO593_17700, GO593_17695	IX87_21630, IX87_21625, IX87_21620	3	4
TU286Y-1968	GO593_RS17715	GO593_17715	Other	IX87_21640	bamA, opr86	bamA	bamA	bamA	""	bamA	-	3711171	bamA	bamA	bamA	GO593_17715	IX87_21640	1	1
TU286Y-1969	GO593_RS17725	GO593_17725	Other	IX87_21650	dxr	AIL81121.1	dxr	dxr	""	dxr	-	3715899	frr-uppS-cdsA-dxr	frr-uppS…	frr, uppS, cdsA, dxr	GO593_17740, GO593_17735, GO593_17730, GO593_17725	IX87_21665, IX87_21660, IX87_21655, IX87_21650	4	5
TU286Y-1969	GO593_RS17730	GO593_17730	Other	IX87_21655	cdsA	cdsA	cdsA	cdsA	""	cdsA	-	3715899	frr-uppS-cdsA-dxr	frr-uppS…	frr, uppS, cdsA, dxr	GO593_17740, GO593_17735, GO593_17730, GO593_17725	IX87_21665, IX87_21660, IX87_21655, IX87_21650	4	5
TU286Y-1969	GO593_RS17735	GO593_17735	Other	IX87_21660	uppS, ispU	uppS	uppS	uppS	""	uppS	-	3715899	frr-uppS-cdsA-dxr	frr-uppS…	frr, uppS, cdsA, dxr	GO593_17740, GO593_17735, GO593_17730, GO593_17725	IX87_21665, IX87_21660, IX87_21655, IX87_21650	4	5
TU286Y-1969	GO593_RS17740	GO593_17740	Other	IX87_21665	frr	frr	frr	frr	""	frr	-	3715899	frr-uppS-cdsA-dxr	frr-uppS…	frr, uppS, cdsA, dxr	GO593_17740, GO593_17735, GO593_17730, GO593_17725	IX87_21665, IX87_21660, IX87_21655, IX87_21650	4	5
TU286Y-1970	GO593_RS17745	GO593_17745	Other	IX87_21670	pyrH	pyrH	pyrH	pyrH	""	pyrH	-	3716713	pyrH	pyrH	pyrH	GO593_17745	IX87_21670	1	1
TU286Y-2145	GO593_RS17785	GO593_17785	Other	IX87_21705	ispF, ygbB	ispF	ispF	ispF	""	ispF	-	3724198	ispF	ispF	ispF	GO593_17785	IX87_21705	1	1
TU286Y-1983	GO593_RS17825	GO593_17825	Other	IX87_21755	tusD	tusD	tusD	tusD	""	tusD	+	3731104	tusD	tusD	tusD	GO593_17825	IX87_21755	1	1
TU286Y-1984	GO593_RS17830	GO593_17830	Other	IX87_21760	unknown	IX87_21760	GO593_17830	dsrEF	phyre2	GO593_17830	+	3731517	dsrEFH	dsrEFH	dsrEF, dsrH	GO593_17830, GO593_17835	IX87_21760, IX87_21765	2	3
TU286Y-1984	GO593_RS17835	GO593_17835	Other	IX87_21765	unknown	IX87_21765	GO593_17835	dsrH	https://www.ncbi.nlm.nih.gov/protein/1784829538	dsrH	+	3731517	dsrEFH	dsrEFH	dsrEF, dsrH	GO593_17830, GO593_17835	IX87_21760, IX87_21765	2	3
TU286Y-1986	GO593_RS17870	GO593_17870	Other	IX87_21800	moaE	moaE	moaE	moaE	""	moaE	-	3738253	moaE	moaE	moaE	GO593_17870	IX87_21800	1	5
TU286Y-1991	GO593_RS17935	GO593_17935	Other	IX87_21895	aroQ, aroQ2, aroQ1	aroQ	aroQ	aroQ	""	aroQ	+	3754044	aroQ-accBC	aroQ-accBC	aroQ, accB, accC	GO593_17935, GO593_17940, GO593_17945	IX87_21895, IX87_21900, IX87_21905	3	3
TU286Y-1991	GO593_RS17940	GO593_17940	Other	IX87_21900	accB	accB	accB	accB	""	accB	+	3754044	aroQ-accBC	aroQ-accBC	aroQ, accB, accC	GO593_17935, GO593_17940, GO593_17945	IX87_21895, IX87_21900, IX87_21905	3	3
TU286Y-1991	GO593_RS17945	GO593_17945	Other	IX87_21905	accC	accC	accC	accC	""	accC	+	3754044	aroQ-accBC	aroQ-accBC	aroQ, accB, accC	GO593_17935, GO593_17940, GO593_17945	IX87_21895, IX87_21900, IX87_21905	3	3
TU286Y-1998	GO593_RS17990	GO593_17990	Cell Wall/PG	IX87_06200	murB	murB	murB	murB	""	murB	-	3767268	murB	murB	murB	GO593_17990	IX87_06200	1	4
TU286Y-2002	GO593_RS18020	GO593_18020	Other	IX87_06235	dnaX	IX87_06235	dnaX	dnaX	""	dnaX	-	3775862	dnaX	dnaX	dnaX	GO593_18020	IX87_06235	1	1
TU286Y-2021	GO593_RS18140	GO593_18140	Other	IX87_06370	unknown	IX87_06370	GO593_18140	GO593_18140	""	GO593_18140	-	3802836	GO593_18140	GO593_18140	GO593_18140	GO593_18140	IX87_06370	1	1
TU286Y-2131	GO593_RS18295	GO593_18295	tRNA Ligase	IX87_06515	glnS	IX87_06515	glnS	glnS	""	glnS	-	3840239	glnS	glnS	glnS	GO593_18295	IX87_06515	1	1
TU286Y-2041	GO593_RS18305	GO593_18305	LOS	IX87_06525	lpxH	IX87_06525	lpxH	lpxH	""	lpxH	+	3840932	lpxH	lpxH	lpxH	GO593_18305	IX87_06525	1	2
TU286Y-2043	GO593_RS18325	GO593_18325	Other	IX87_06545	hfq	hfq	hfq	hfq	""	hfq	-	3844229	hfq	hfq	hfq	GO593_18325	IX87_06545	1	1
TU286Y-2044	GO593_RS18340	GO593_18340	Other	IX87_06560	tsaE	tsaE	tsaE	tsaE	""	tsaE	-	3847681	tsaE	tsaE	tsaE	GO593_18340	IX87_06560	1	3
TU286Y-2055	GO593_RS18405	GO593_18405	Other	IX87_06625	acnB	IX87_06625	acnB	acnB	""	acnB	-	3859847	acnB	acnB	acnB	GO593_18405	IX87_06625	1	1
TU286Y-2057	GO593_RS18415	GO593_18415	Other	IX87_06635	tamB	AIL78321.1	tamB	tamB	""	tamB	-	3867862	tamAB	tamAB	tamA, tamB	GO593_18420, GO593_18415	IX87_06640, IX87_06635	2	2
TU286Y-2057	GO593_RS18420	GO593_18420	Other	IX87_06640	tamA	AIL78322.1	tamA	tamA	""	tamA	-	3867862	tamAB	tamAB	tamA, tamB	GO593_18420, GO593_18415	IX87_06640, IX87_06635	2	2
TU286Y-2058	GO593_RS18430	GO593_18430	Other	IX87_06650	unknown	coq7	GO593_18430	coq7	""	coq7	+	3869353	coq7	coq7	coq7	GO593_18430	IX87_06650	1	2
TU286Y-2060	GO593_RS18475	GO593_18475	Other	IX87_06705	folB	folB	folB	folB	""	folB	-	3881326	folB	folB	folB	GO593_18475	IX87_06705	1	3
TU286Y-2064	GO593_RS18520	GO593_18520	Other	IX87_06750	prfA	prfA	prfA	prfA	""	prfA	-	3891168	prfA	prfA	prfA	GO593_18520	IX87_06750	1	2
TU286Y-2074	GO593_RS18590	GO593_18590	Ox Phos	IX87_06820	cyoA	cyoA	cyoA	cyoA	""	cyoA	+	3907335	cyoABCDE	cyoABCDE	cyoA, cyoB, cyoC, cyoD, cyoE	GO593_18590, GO593_18595, GO593_18600, GO593_18605, GO593_18610	IX87_06820, IX87_06825, IX87_06830, IX87_06835, IX87_06840	5	5
TU286Y-2074	GO593_RS18595	GO593_18595	Ox Phos	IX87_06825	cyoB, coxA	IX87_06825	cyoB	cyoB	""	cyoB	+	3907335	cyoABCDE	cyoABCDE	cyoA, cyoB, cyoC, cyoD, cyoE	GO593_18590, GO593_18595, GO593_18600, GO593_18605, GO593_18610	IX87_06820, IX87_06825, IX87_06830, IX87_06835, IX87_06840	5	5
TU286Y-2074	GO593_RS18600	GO593_18600	Ox Phos	IX87_06830	cyoC, coIII	cyoC	cyoC	cyoC	""	cyoC	+	3907335	cyoABCDE	cyoABCDE	cyoA, cyoB, cyoC, cyoD, cyoE	GO593_18590, GO593_18595, GO593_18600, GO593_18605, GO593_18610	IX87_06820, IX87_06825, IX87_06830, IX87_06835, IX87_06840	5	5
TU286Y-2074	GO593_RS18605	GO593_18605	Ox Phos	IX87_06835	cyoD	cyoD	cyoD	cyoD	""	cyoD	+	3907335	cyoABCDE	cyoABCDE	cyoA, cyoB, cyoC, cyoD, cyoE	GO593_18590, GO593_18595, GO593_18600, GO593_18605, GO593_18610	IX87_06820, IX87_06825, IX87_06830, IX87_06835, IX87_06840	5	5
TU286Y-2074	GO593_RS18610	GO593_18610	Ox Phos	IX87_06840	cyoE	cyoE	cyoE	cyoE	""	cyoE	+	3907335	cyoABCDE	cyoABCDE	cyoA, cyoB, cyoC, cyoD, cyoE	GO593_18590, GO593_18595, GO593_18600, GO593_18605, GO593_18610	IX87_06820, IX87_06825, IX87_06830, IX87_06835, IX87_06840	5	5
TU286Y-2075	GO593_RS18615	GO593_18615	Ribosome	IX87_06845	rpsF	rpsF	rpsF	rpsF	""	rpsF	+	3912410	rpsFR	rpsFR	rpsF, rpsR	GO593_18615, GO593_18620	IX87_06845, IX87_06850	2	3
TU286Y-2075	GO593_RS18620	GO593_18620	Ribosome	IX87_06850	rpsR	rpsR	rpsR	rpsR	""	rpsR	+	3912410	rpsFR	rpsFR	rpsF, rpsR	GO593_18615, GO593_18620	IX87_06845, IX87_06850	2	3
TU286Y-2076	GO593_RS18630	GO593_18630	Other	IX87_06860	dnaB	dnaB	dnaB	dnaB	""	dnaB	+	3913688	dnaB	dnaB	dnaB	GO593_18630	IX87_06860	1	2
TU286Y-2080	GO593_RS18685	GO593_18685	Other	IX87_06920	fis	fis	fis	fis	""	fis	+	3926248	fis	fis	fis	GO593_18685	IX87_06920	1	1
TU286Y-2085	GO593_RS18720	GO593_18720	Other	IX87_06955	unknown	IX87_06955	GO593_18720	GO593_18720	""	GO593_18720	+	3933747	GO593_18720	GO593_18720	GO593_18720	GO593_18720	IX87_06955	1	1
TU286Y-2089	GO593_RS18760	GO593_18760	Other	unknown	unknown	unknown	GO593_18760	GO593_18760	""	GO593_18760	+	3941867	GO593_18760	GO593_18760	GO593_18760	GO593_18760	unknown	1	1
TU286Y-2090	GO593_RS18770	GO593_18770	Other	unknown	unknown	unknown	GO593_18770	GO593_18770	""	GO593_18770	+	3943067	GO593_18770	GO593_18770	GO593_18770	GO593_18770	unknown	1	3
