AATATCCTTAAAAAACCAGA	612	AC41
ACAATTTGACGATCTTGCAA	574	AC41
AAATTGGGACAATGTGAGGT	1	AC41
ACCGCAGTCTTGACCAAGTC	1	AC41
GCGCCCATTTCCATGTCGTA	1	AC41
AATGCAACTTTTTTAAATAG	1	AC41
ATGCAAGCTCAGCACCTTCA	1	AC41
AATATCCTTAAAAAACCAGA	1016	AC42
ACAATTTGACGATCTTGCAA	954	AC42
GCTTCAACAAATAGGAAGAT	1	AC42
TTTGACCACTTTATTTTCTG	1	AC42
CTTGAATTATTCCAATCAGA	1	AC42
ATACCTCCATCCACGGTATG	1	AC42
AGTCACCGATGAAATCAATA	1	AC42
GGTTACGAGCCATACCTTCA	1	AC42
CTGAATACGCTGATTATTTT	1	AC42
TGATACGGTGTTGTGGGAAT	1	AC42
CGCGAACTTGAGAAGCGTGC	1	AC42
AATATCCTTAAAAAACCAGA	867	AC43
ACAATTTGACGATCTTGCAA	770	AC43
GTTTTTTTATCGACCGCAAC	1	AC43
TATGCACTTGGAGTTCCTGG	1	AC43
ATAAGTGAAATTTCAGATTG	1	AC43
CAGCTGGTTTAGCAATAGAA	1	AC43
TTAGCAATGTATTGGAACAA	1	AC43
ACAATTTGACGATCTTGCAA	673	AC44
AATATCCTTAAAAAACCAGA	670	AC44
GTAAAAATAGCGGTCGCTAA	1	AC44
CCAGCACTACCATCCATAAT	1	AC44
TCTTGTCTTGGCTTAAACGA	1	AC44
TTCAATAATGCCTGTAAACA	1	AC44
ACAATTTGACGATCTTGCAA	586	AC45
AATATCCTTAAAAAACCAGA	484	AC45
TCCTCGTTTGGCAAGTTCAA	1	AC45
AAATCGCCAGTCTCTAAGGT	1	AC45
TCTTTATTATTGATTTTATA	1	AC45
CGTTTGCGACAATCTCAACA	1	AC45
CTTAATTTTGCGGATATCCA	1	AC45
ACAATTTGACGATCTTGCAA	677	AC46
AATATCCTTAAAAAACCAGA	617	AC46
TATAATCTCCTTAGATGTAT	1	AC46
AATATCCTTAAAAAACCAGA	735	AC47
ACAATTTGACGATCTTGCAA	641	AC47
TTTGGAATTTCAATTACACG	1	AC47
CCAGCACTACCATCCATAAT	1	AC47
AATATCCTTAAAAAACCAGA	685	AC48
ACAATTTGACGATCTTGCAA	634	AC48
AGCCGATACCGTTAACAGTT	1	AC48
TGATCGAATACCATTTCTAC	1	AC48
TCAGTTGATAAGGCACCATG	1	AC48
TTTGGCTTTGCCAATTTTTT	1	AC48
TCAATGGCTAAATTGTGTGG	1	AC48
AAAAGTTCATTAATAGCACG	1	AC48
GAGCTTTTTCTAAAGCAAGT	1	AC48
ACAATTTGACGATCTTGCAA	1808	AC49
AATATCCTTAAAAAACCAGA	55	AC49
GTCGTACAGATGCACAGGTA	1	AC49
CAACACGGTTTGGACCATAA	1	AC49
GCAAGCTGTTTTACAGGAGA	1	AC49
TGAAACATCTCCAACATAAT	1	AC49
ACAATTTGACGATCTTGCAA	2227	AC50
AATATCCTTAAAAAACCAGA	245	AC50
CTGCGTGAGTCGTTCTGTTA	1	AC50
GCCAAGACATAACCCGTCAG	1	AC50
ATTTAATATTGTTGCCTGTG	1	AC50
TCCTAGCGCGTCTGAAGCTT	1	AC50
CAAAGTCTTGTAAATATCTT	1	AC50
CCAGCACTACCATCCATAAT	520	AC51
AATATCCTTAAAAAACCAGA	529	AC51
CTAATAGAAATAATATAATA	1	AC51
ACAAACAGAAAATCACACCA	1	AC51
TTAACGGCATCTTCACTATC	1	AC51
GATGGATTTGCTTTACCAGC	1	AC51
CCAGCACTACCATCCATAAT	951	AC52
AATATCCTTAAAAAACCAGA	908	AC52
CCATCACTACCATCCATAAT	1	AC52
TTTTTAGCCACAAGCCAAAA	1	AC52
TACCAATTGCTCCAGTAAGC	1	AC52
CAATGCCTGAGCTAAACGCT	1	AC52
CCAGCACTACCATCCATAAT	995	AC53
AATATCCTTAAAAAACCAGA	1013	AC53
TGCTCATGGATAAAACGACG	1	AC53
CCAGCACTACCATCCATAAG	1	AC53
GAATTATTTCTTTGAGGAAT	1	AC53
GAACCAGAAATGAGACTATT	1	AC53
GTGAACTTTTTCGGCTAACT	1	AC53
CTTGTTTGCCTAGAGCGATA	1	AC53
AATATCCTTAAAAAACCAGA	677	AC54
CCAGCACTACCATCCATAAT	638	AC54
CCAGCACTACCATCCATAAG	2	AC54
ATGTTACGTGGAACAAAGAA	1	AC54
AGAATGTTGATCCCACCATT	1	AC54
ATTGATCCAACACAATGGCA	1	AC54
AATATCCTTAAAAAACCAGA	949	AC55
CCAGCACTACCATCCATAAT	853	AC55
CCAGCACTACCATCCATAAG	3	AC55
ATAGAAACCAGACAACAAAG	1	AC55
AATATCCTTAAAAAACCAGA	1919	AC56
CCAGCACTACCATCCATAAT	1763	AC56
CCAGCACTACCATCCATAAG	2	AC56
CCAACACCAAATATAAAATC	1	AC56
TGCGGTGTTGTACCAAAATG	1	AC56
ACCAGTGACAAAAATAAAAT	1	AC56
