sample	strains	IPTG	antibiotic	dose	timepoint	OD final	count	spacer	locus tag	unique name
AC1	NT+murA	0	none		T0A	0.16	869	AATATCCTTAAAAAACCAGA		
AC1	NT+murA	0	none		T0A	0.16	927	AGAATCATTGCCGCAAGTAA	GO593_09595	murA
AC2	NT+murA	0	none		T0B	0.16	1914	AATATCCTTAAAAAACCAGA		
AC2	NT+murA	0	none		T0B	0.16	1970	AGAATCATTGCCGCAAGTAA	GO593_09595	murA
AC3	NT+murA	1	none		T1A-	2.42	676	AATATCCTTAAAAAACCAGA		
AC3	NT+murA	1	none		T1A-	2.42	216	AGAATCATTGCCGCAAGTAA	GO593_09595	murA
AC4	NT+murA	1	none		T1B-	2.55	3800	AATATCCTTAAAAAACCAGA		
AC4	NT+murA	1	none		T1B-	2.55	1517	AGAATCATTGCCGCAAGTAA	GO593_09595	murA
AC5	NT+murA	1	imipenem	0.09	T1A+	2.15	687	AATATCCTTAAAAAACCAGA		
AC5	NT+murA	1	imipenem	0.09	T1A+	2.15	16	AGAATCATTGCCGCAAGTAA	GO593_09595	murA
AC6	NT+murA	1	imipenem	0.09	T1B+	1.76	2029	AATATCCTTAAAAAACCAGA		
AC6	NT+murA	1	imipenem	0.09	T1B+	1.76	41	AGAATCATTGCCGCAAGTAA	GO593_09595	murA
AC7	NT+murA	1	none		T2A-	2.65	1018	AATATCCTTAAAAAACCAGA		
AC7	NT+murA	1	none		T2A-	2.65	0	AGAATCATTGCCGCAAGTAA	GO593_09595	murA
AC8	NT+murA	1	none		T2B-	2.98	91	AATATCCTTAAAAAACCAGA		
AC8	NT+murA	1	none		T2B-	2.98	0	AGAATCATTGCCGCAAGTAA	GO593_09595	murA
AC9	NT+murA	1	imipenem	0.09	T2A+	2.16	1548	AATATCCTTAAAAAACCAGA		
AC9	NT+murA	1	imipenem	0.09	T2A+	2.16	0	AGAATCATTGCCGCAAGTAA	GO593_09595	murA
AC10	NT+murA	1	imipenem	0.09	T2B+	2.12	4784	AATATCCTTAAAAAACCAGA		
AC10	NT+murA	1	imipenem	0.09	T2B+	2.12	0	AGAATCATTGCCGCAAGTAA	GO593_09595	murA
AC11	NT+glnS	1	none		T0A	0.16	773	AATATCCTTAAAAAACCAGA		
AC11	NT+glnS	1	none		T0A	0.16	836	TTGCTGCGCAGAATCGACAG	GO593_18295	glnS
AC12	NT+glnS	1	none		T0B	0.16	1052	AATATCCTTAAAAAACCAGA		
AC12	NT+glnS	1	none		T0B	0.16	1141	TTGCTGCGCAGAATCGACAG	GO593_18295	glnS
AC13	NT+glnS	1	none		T1A-	2.55	97	AATATCCTTAAAAAACCAGA		
AC13	NT+glnS	1	none		T1A-	2.55	93	TTGCTGCGCAGAATCGACAG	GO593_18295	glnS
AC14	NT+glnS	1	none		T1B-	2.87	85	AATATCCTTAAAAAACCAGA		
AC14	NT+glnS	1	none		T1B-	2.87	94	TTGCTGCGCAGAATCGACAG	GO593_18295	glnS
AC15	NT+glnS	1	imipenem	0.09	T1A+	1.89	197	AATATCCTTAAAAAACCAGA		
AC15	NT+glnS	1	imipenem	0.09	T1A+	1.89	448	TTGCTGCGCAGAATCGACAG	GO593_18295	glnS
AC16	NT+glnS	1	imipenem	0.09	T1B+	1.46	144	AATATCCTTAAAAAACCAGA		
AC16	NT+glnS	1	imipenem	0.09	T1B+	1.46	296	TTGCTGCGCAGAATCGACAG	GO593_18295	glnS
AC17	NT+glnS	1	none		T2A-	2.87	5034	AATATCCTTAAAAAACCAGA		
AC17	NT+glnS	1	none		T2A-	2.87	2474	TTGCTGCGCAGAATCGACAG	GO593_18295	glnS
AC18	NT+glnS	1	none		T2B-	2.68	1733	AATATCCTTAAAAAACCAGA		
AC18	NT+glnS	1	none		T2B-	2.68	865	TTGCTGCGCAGAATCGACAG	GO593_18295	glnS
AC19	NT+glnS	1	imipenem	0.09	T2A+	1.91	162	AATATCCTTAAAAAACCAGA		
AC19	NT+glnS	1	imipenem	0.09	T2A+	1.91	1676	TTGCTGCGCAGAATCGACAG	GO593_18295	glnS
AC20	NT+glnS	1	imipenem	0.09	T2B+	2	187	AATATCCTTAAAAAACCAGA		
AC20	NT+glnS	1	imipenem	0.09	T2B+	2	1155	TTGCTGCGCAGAATCGACAG	GO593_18295	glnS
AC21	NT+nuoB	0	none		T0A	0.2	506	AATATCCTTAAAAAACCAGA		
AC21	NT+nuoB	0	none		T0A	0.2	512	ACAATTTGACGATCTTGCAA	GO593_09950	nuoB
AC22	NT+nuoB	0	none		T0B	0.2	459	AATATCCTTAAAAAACCAGA		
AC22	NT+nuoB	0	none		T0B	0.2	492	ACAATTTGACGATCTTGCAA	GO593_09950	nuoB
AC23	NT+nuoB	1	none		T1A-	2.98	1062	AATATCCTTAAAAAACCAGA		
AC23	NT+nuoB	1	none		T1A-	2.98	362	ACAATTTGACGATCTTGCAA	GO593_09950	nuoB
AC24	NT+nuoB	1	none		T1B-	2.52	872	AATATCCTTAAAAAACCAGA		
AC24	NT+nuoB	1	none		T1B-	2.52	252	ACAATTTGACGATCTTGCAA	GO593_09950	nuoB
AC25	NT+nuoB	1	colistin	0.4	T1A+	2.05	600	AATATCCTTAAAAAACCAGA		
AC25	NT+nuoB	1	colistin	0.4	T1A+	2.05	0	AGAATCATTGCCGCAAGTAA	GO593_09950	nuoB
AC26	NT+nuoB	1	colistin	0.4	T1B+	2.06	857	AATATCCTTAAAAAACCAGA		
AC26	NT+nuoB	1	colistin	0.4	T1B+	2.06	0	AGAATCATTGCCGCAAGTAA	GO593_09950	nuoB
AC27	NT+nuoB	1	none		T2A-	2.93	645	AATATCCTTAAAAAACCAGA		
AC27	NT+nuoB	1	none		T2A-	2.93	77	ACAATTTGACGATCTTGCAA	GO593_09950	nuoB
AC28	NT+nuoB	1	none		T2B-	2.6	590	AATATCCTTAAAAAACCAGA		
AC28	NT+nuoB	1	none		T2B-	2.6	68	ACAATTTGACGATCTTGCAA	GO593_09950	nuoB
AC29	NT+nuoB	1	colistin	0.4	T2A+	2.9	958	AATATCCTTAAAAAACCAGA		
AC29	NT+nuoB	1	colistin	0.4	T2A+	2.9	0	AGAATCATTGCCGCAAGTAA	GO593_09950	nuoB
AC30	NT+nuoB	1	colistin	0.4	T2B+	2.75	1699	AATATCCTTAAAAAACCAGA		
AC30	NT+nuoB	1	colistin	0.4	T2B+	2.75	0	AGAATCATTGCCGCAAGTAA	GO593_09950	nuoB
AC31	NT+lpxC	1	none		T0A	0.22	415	AATATCCTTAAAAAACCAGA		
AC31	NT+lpxC	1	none		T0A	0.22	438	CCAGCACTACCATCCATAAT	GO593_05480	lpxC
AC32	NT+lpxC	1	none		T0B	0.22	324	AATATCCTTAAAAAACCAGA		
AC32	NT+lpxC	1	none		T0B	0.22	359	CCAGCACTACCATCCATAAT	GO593_05480	lpxC
AC33	NT+lpxC	1	none		T1A-	2.52	598	AATATCCTTAAAAAACCAGA		
AC33	NT+lpxC	1	none		T1A-	2.52	411	CCAGCACTACCATCCATAAT	GO593_05480	lpxC
AC34	NT+lpxC	1	none		T1B-	2.51	261	AATATCCTTAAAAAACCAGA		
AC34	NT+lpxC	1	none		T1B-	2.51	222	CCAGCACTACCATCCATAAT	GO593_05480	lpxC
AC35	NT+lpxC	1	colistin	0.4	T1A+	2.6	135	AATATCCTTAAAAAACCAGA		
AC35	NT+lpxC	1	colistin	0.4	T1A+	2.6	1174	CCAGCACTACCATCCATAAT	GO593_05480	lpxC
AC36	NT+lpxC	1	colistin	0.4	T1B+	2.22	62	AATATCCTTAAAAAACCAGA		
AC36	NT+lpxC	1	colistin	0.4	T1B+	2.22	834	CCAGCACTACCATCCATAAT	GO593_05480	lpxC
AC37	NT+lpxC	1	none	0.4	T2A-	2.87	471	AATATCCTTAAAAAACCAGA		
AC37	NT+lpxC	1	none	0.4	T2A-	2.87	230	CCAGCACTACCATCCATAAT	GO593_05480	lpxC
AC38	NT+lpxC	1	none		T2B-	2.78	1066	AATATCCTTAAAAAACCAGA		
AC38	NT+lpxC	1	none		T2B-	2.78	556	CCAGCACTACCATCCATAAT	GO593_05480	lpxC
AC39	NT+lpxC	1	colistin	0.4	T2A+	2.62	35	AATATCCTTAAAAAACCAGA		
AC39	NT+lpxC	1	colistin	0.4	T2A+	2.62	823	CCAGCACTACCATCCATAAT	GO593_05480	lpxC
AC40	NT+lpxC	1	colistin	0.4	T2B+	2.68	53	AATATCCTTAAAAAACCAGA		
AC40	NT+lpxC	1	colistin	0.4	T2B+	2.68	861	CCAGCACTACCATCCATAAT	GO593_05480	lpxC
AC61	NT+nuoB	0	none		T0A		183	AATATCCTTAAAAAACCAGA		
AC61	NT+nuoB	0	none		T0A		180	ACAATTTGACGATCTTGCAA	GO593_09950	nuoB
AC62	NT+nuoB	0	none		T0B		487	AATATCCTTAAAAAACCAGA		
AC62	NT+nuoB	0	none		T0B		504	ACAATTTGACGATCTTGCAA	GO593_09950	nuoB
AC63	NT+nuoB	1	none		T1A-		396	AATATCCTTAAAAAACCAGA		
AC63	NT+nuoB	1	none		T1A-		127	ACAATTTGACGATCTTGCAA	GO593_09950	nuoB
AC64	NT+nuoB	1	none		T1B-		612	AATATCCTTAAAAAACCAGA		
AC64	NT+nuoB	1	none		T1B-		201	ACAATTTGACGATCTTGCAA	GO593_09950	nuoB
AC65	NT+nuoB	1	rifampicin	0.34	T1A+		858	AATATCCTTAAAAAACCAGA		
AC65	NT+nuoB	1	rifampicin	0.34	T1A+		394	ACAATTTGACGATCTTGCAA	GO593_09950	nuoB
AC66	NT+nuoB	1	rifampicin	0.34	T1B+		715	AATATCCTTAAAAAACCAGA		
AC66	NT+nuoB	1	rifampicin	0.34	T1B+		387	ACAATTTGACGATCTTGCAA	GO593_09950	nuoB
AC67	NT+nuoB	1	none		T2A-		297	AATATCCTTAAAAAACCAGA		
AC67	NT+nuoB	1	none		T2A-		31	ACAATTTGACGATCTTGCAA	GO593_09950	nuoB
AC68	NT+nuoB	1	none		T2B-		421	AATATCCTTAAAAAACCAGA		
AC68	NT+nuoB	1	none		T2B-		45	ACAATTTGACGATCTTGCAA	GO593_09950	nuoB
AC69	NT+nuoB	1	rifampicin	0.34	T2A+		416	AATATCCTTAAAAAACCAGA		
AC69	NT+nuoB	1	rifampicin	0.34	T2A+		752	ACAATTTGACGATCTTGCAA	GO593_09950	nuoB
AC70	NT+nuoB	1	rifampicin	0.34	T2B+		992	AATATCCTTAAAAAACCAGA		
AC70	NT+nuoB	1	rifampicin	0.34	T2B+		1185	ACAATTTGACGATCTTGCAA	GO593_09950	nuoB
AC71	NT+lpxC	1	none		T0A		176	AATATCCTTAAAAAACCAGA		
AC71	NT+lpxC	1	none		T0A		208	CCAGCACTACCATCCATAAT	GO593_05480	lpxC
AC72	NT+lpxC	1	none		T0B		244	AATATCCTTAAAAAACCAGA		
AC72	NT+lpxC	1	none		T0B		279	CCAGCACTACCATCCATAAT	GO593_05480	lpxC
AC73	NT+lpxC	1	none		T1A-		433	AATATCCTTAAAAAACCAGA		
AC73	NT+lpxC	1	none		T1A-		242	CCAGCACTACCATCCATAAT	GO593_05480	lpxC
AC74	NT+lpxC	1	none		T1B-		365	AATATCCTTAAAAAACCAGA		
AC74	NT+lpxC	1	none		T1B-		210	CCAGCACTACCATCCATAAT	GO593_05480	lpxC
AC75	NT+lpxC	1	rifampicin	0.34	T1A+		358	AATATCCTTAAAAAACCAGA		
AC75	NT+lpxC	1	rifampicin	0.34	T1A+		170	CCAGCACTACCATCCATAAT	GO593_05480	lpxC
AC76	NT+lpxC	1	rifampicin	0.34	T1B+		544	AATATCCTTAAAAAACCAGA		
AC76	NT+lpxC	1	rifampicin	0.34	T1B+		328	CCAGCACTACCATCCATAAT	GO593_05480	lpxC
AC77	NT+lpxC	1	none		T2A-		566	AATATCCTTAAAAAACCAGA		
AC77	NT+lpxC	1	none		T2A-		287	CCAGCACTACCATCCATAAT	GO593_05480	lpxC
AC78	NT+lpxC	1	none		T2B-		1924	AATATCCTTAAAAAACCAGA		
AC78	NT+lpxC	1	none		T2B-		966	CCAGCACTACCATCCATAAT	GO593_05480	lpxC
AC79	NT+lpxC	1	rifampicin	0.34	T2A+		1976	AATATCCTTAAAAAACCAGA		
AC79	NT+lpxC	1	rifampicin	0.34	T2A+		0	CCAGCACTACCATCCATAAT	GO593_05480	lpxC
AC80	NT+lpxC	1	rifampicin	0.34	T2B+		707	AATATCCTTAAAAAACCAGA		
AC80	NT+lpxC	1	rifampicin	0.34	T2B+		0	CCAGCACTACCATCCATAAT	GO593_05480	lpxC