AC1	21.42857%	AATATCCTTAAAAAACCAGA		
AC1	22.81746%	AGAATCATTGCCGCAAGTAA	GO593_09595	murA
AC2	24.65044%	AATATCCTTAAAAAACCAGA		
AC2	25.34956%	AGAATCATTGCCGCAAGTAA	GO593_09595	murA
AC3	35.61571%	AATATCCTTAAAAAACCAGA		
AC3	11.41189%	AGAATCATTGCCGCAAGTAA	GO593_09595	murA
AC4	31.92226%	AATATCCTTAAAAAACCAGA		
AC4	12.75877%	AGAATCATTGCCGCAAGTAA	GO593_09595	murA
AC5	35.31560%	AATATCCTTAAAAAACCAGA		
AC6	42.37466%	AATATCCTTAAAAAACCAGA		
AC7	43.11888%	AATATCCTTAAAAAACCAGA		
AC8	28.34891%	AATATCCTTAAAAAACCAGA		
AC9	43.18500%	AATATCCTTAAAAAACCAGA		
AC10	43.05644%	AATATCCTTAAAAAACCAGA		
AC11	19.57241%	AATATCCTTAAAAAACCAGA		
AC12	23.10071%	AATATCCTTAAAAAACCAGA		
AC13	17.07746%	AATATCCTTAAAAAACCAGA		
AC14	15.88785%	AATATCCTTAAAAAACCAGA		
AC15	12.84585%	AATATCCTTAAAAAACCAGA		
AC16	11.35647%	AATATCCTTAAAAAACCAGA		
AC17	32.50764%	AATATCCTTAAAAAACCAGA		
AC18	32.17148%	AATATCCTTAAAAAACCAGA		
AC19	4.72579%	AATATCCTTAAAAAACCAGA		
AC20	7.35352%	AATATCCTTAAAAAACCAGA		
