AGAATCATTGCCGCAAGTAA	22.81746%	AC1
AATATCCTTAAAAAACCAGA	21.42857%	AC1
GTTTTCATAAATTCAAGCAT	0.02480%	AC1
CCTTGCGCTTCCATTACCGG	0.02480%	AC1
TCGTGTTTGCTTGATATTTT	0.02480%	AC1
TTGCTTTTCATAACCAGAAT	0.02480%	AC1
AGCGGTCAGCCATAATAGTT	0.02480%	AC1
ATTGCGTTACCAGCATAGCT	0.02480%	AC1
TAAAATACCGCCAGCAGTTT	0.02480%	AC1
TTGATAAAACAGAACGGTCA	0.02480%	AC1
AGATGAAAGGGTAAAAGAAG	0.02480%	AC1
GATTTGACAGGTTGCGAGTG	0.02480%	AC1
AGTTGTACAGTAGTTGAAAT	0.02480%	AC1
ATTTCAACTAACACATAGCA	0.02480%	AC1
ATCTGTCAAAACCAGAGCTT	0.02480%	AC1
TGAACATCATTGAGTACTTT	0.02480%	AC1
AATATCCTTAAAAAACCAGA	43.05644%	AC10
GTAAAGTCAGTGATTCAGCT	0.02718%	AC10
TCGCTTTCAGTAATCGATTC	0.01812%	AC10
ATTTAATATTGTTGCCTGTG	0.01812%	AC10
CTTCATCAATAGAATCAGCC	0.01812%	AC10
TTCCACAAATCTAATTCAGC	0.01812%	AC10
CTTCAGCATCCGCTTGAGAA	0.00906%	AC10
CTCAGCATAACTTGATTGGA	0.00906%	AC10
CAGCCCAATAAAATTGCAAA	0.00906%	AC10
AATAATACGCATACCTTTAG	0.00906%	AC10
ACATTGCTGTACCAATAAAA	0.00906%	AC10
GAAATGCTTCTGGAGTATCT	0.00906%	AC10
ATAAAATCCCATCATAAAAG	0.00906%	AC10
GTTCATTTCTTCACGAACAA	0.00906%	AC10
TAATAATGGGTTTTCTAAAA	0.00906%	AC10
TGCGTCAACATCGCAAGTTT	0.00906%	AC10
TGCTGTTGCAGCAAATTCTG	0.00906%	AC10
AGCAACAAATGAATTGCACA	0.00906%	AC10
AGAATCATTGCCGCAAGTAA	0.00906%	AC10
TACCGTTTGGCTTAAAAGAA	0.00906%	AC10
ACACCAATACCTATTGCAGG	0.00906%	AC10
TTGAAGCATTGAAACAAGGG	0.00906%	AC10
TTTATAAACTCAAAAAAAAA	0.00906%	AC10
TGGTAAATGCTGATTCACCA	0.00906%	AC10
GGGCAGAGATACCGATGTTA	0.00906%	AC10
GGTTTTTGCCTGGCTTGGTA	0.00906%	AC10
ACCGGCAATACCACTTGCAT	0.00906%	AC10
CTAATTTTTCTAACCAAATA	0.00906%	AC10
TTGGGTCATCATTGGTAATC	0.00906%	AC10
TGAAATTGTGGAGCTAATTC	0.00906%	AC10
ATTCACCCAGATAAGTAAAC	0.00906%	AC10
TTTTTACTCGTAACCATTAA	0.00906%	AC10
CCTTCTTTCAACTTAAGTTG	0.00906%	AC10
ATTTAGCAATGATCTCTGCT	0.00906%	AC10
CCATAACATTTTTATAAAAA	0.00906%	AC10
GTTTTTTTATCGACCGCAAA	0.00906%	AC10
GGGATGAGGATACTGAAAAT	0.00906%	AC10
TTGATAAAACAGAACGGTCA	0.00906%	AC10
AAACCAGCTTTAATTTTAAC	0.00906%	AC10
TCTCGTTCATGCCACTATCG	0.00906%	AC10
CGTTAATGGAATCGATGGGT	0.00906%	AC10
ACTTTAACGCCAGCTACAAC	0.00906%	AC10
CACTTTAGTCTTTCCCTATT	0.00906%	AC10
ATCTTCTATAAATTCAAATT	0.00906%	AC10
ATTTCGAGGGCGCCGGCAAA	0.00906%	AC10
TCATATTCTGCTGAAATTTC	0.00906%	AC10
TTGGCTTAATGCCTTTCTTA	0.00906%	AC10
CAGTACAATTTCCGTCAGTT	0.00906%	AC10
TTGCTTTTCATAACCAGAAT	0.00906%	AC10
AATATCCTTAAAAAACCAGA	19.57241%	AC11
TTGCTGCGCAGAATCGACAG	0.66175%	AC11
GTAAAGTCAGTGATTCAGCT	0.05090%	AC11
AGAATCATTGCCGCAAGTAA	0.05090%	AC11
AAATAAAAGAAAATAATTTA	0.02545%	AC11
ATAATTTCAGCTGTTGTTTT	0.02545%	AC11
TACTCCAGCCGACAAATACC	0.02545%	AC11
TGCTGTTGCAGCAAATTCTG	0.02545%	AC11
TTGATAAAACAGAACGGTCA	0.02545%	AC11
ACTAAAGCATTAATTTGTTT	0.02545%	AC11
CTCAGCATAACTTGATTGGA	0.02545%	AC11
TCATGACGTACATAAATAGC	0.02545%	AC11
CAAATGGATGCGGAAATCAG	0.02545%	AC11
ACCAGTGACAAAAATAAAAG	0.02545%	AC11
TTTCCCAGCAAATTCAAATT	0.02545%	AC11
CGTCCGCAATGGCAATCGGT	0.02545%	AC11
CGGTTTTTTTAACAAGTGCA	0.02545%	AC11
AACGGGCCTTTATTATTAAC	0.02545%	AC11
TTTGCAGGGGCCCAATACGC	0.02545%	AC11
AATATCCTTAAAAAACCAGA	23.10071%	AC12
TTGCTGCGCAGAATCGACAG	1.01590%	AC12
TTGATAAAACAGAACGGTCA	0.02208%	AC12
CGTCCAAAGAAACCGGATTT	0.02208%	AC12
CTTCAAATTGTGTTAACTCA	0.02208%	AC12
ATTTTGCAAGAAATAAAACA	0.02208%	AC12
AGCACTCATAATGATAATTA	0.02208%	AC12
ACAACAAGTGGCTTATTTTT	0.02208%	AC12
CACCATTCACAAAAGTAATA	0.02208%	AC12
AACGCCCCCATTCAGCATTG	0.02208%	AC12
CGCTTCACTTTTTGTCCCTC	0.02208%	AC12
AAATATTCATTCACAAAAAT	0.02208%	AC12
AATATCCTTAAAAAACCAGA	17.07746%	AC13
TTGCTGCGCAGAATCGACAG	0.70423%	AC13
AAACACCATATGGAGTAAAC	0.17606%	AC13
ACAACAAGTGGCTTATTTTT	0.17606%	AC13
AATATCCTTAAAAAACCAGA	15.88785%	AC14
TTGCTGCGCAGAATCGACAG	0.56075%	AC14
TATAAATAAGTATTAAAAAA	0.18692%	AC14
AATATCCTTAAAAAACCAGA	12.84585%	AC15
TTGCTGCGCAGAATCGACAG	1.05402%	AC15
TTGCTGCGCAGAATCGACAC	0.13175%	AC15
GTAAAGTCAGTGATTCAGCT	0.13175%	AC15
ATTCAAAATATGAGCATAAA	0.06588%	AC15
AATACGAAAAGCCACAACGA	0.06588%	AC15
CTTCAAATTGTGTTAACTCA	0.06588%	AC15
GCTCTTGAATTTTTACAATA	0.06588%	AC15
AATATCCTTAAAAAACCAGA	11.35647%	AC16
TTGCTGCGCAGAATCGACAG	1.18297%	AC16
AGAATCATTGCCGCAAGTAA	0.07886%	AC16
CGACATAGACCGAACCAAAA	0.07886%	AC16
TGTCATTTTGTACCAGTTGC	0.07886%	AC16
CATGTGAAGAAGATTTAGTC	0.07886%	AC16
TTGCTGCGCAGAATCGACAC	0.07886%	AC16
TTCAGGGCGATTTAAATAAC	0.07886%	AC16
TCTTGTCTTGGCTTAAACGA	0.07886%	AC16
ATTAATTTCTTCTGCTGTTA	0.07886%	AC16
AATAAAGCTACTTGTACTTC	0.07886%	AC16
GTTTAAATTCTTCTATAAAT	0.07886%	AC16
ACACGACTTAACTGATGCTG	0.07886%	AC16
TTTATAAACTCAAAAAAAAA	0.07886%	AC16
GGTATCTTTAATAATGTCTT	0.07886%	AC16
AATATCCTTAAAAAACCAGA	32.50764%	AC17
TTGCTGCGCAGAATCGACAG	0.46811%	AC17
TTGCTGCGCAGAATCGACAC	0.02601%	AC17
TCTTGTCTTGGCTTAAACGA	0.02601%	AC17
GTAAAGTCAGTGATTCAGCT	0.01950%	AC17
AACGCCCCCATTCAGCATTG	0.01950%	AC17
ATTGCGTTACCAGCATAGCT	0.01300%	AC17
TTGATAAAACAGAACGGTCA	0.01300%	AC17
TTTATAAACTCAAAAAAAAA	0.01300%	AC17
CTTCAAATTGTGTTAACTCA	0.01300%	AC17
TTGTCCGTTCCCCTGTTTTG	0.01300%	AC17
TTGTTGGTTGATATTCTCTA	0.01300%	AC17
AACCAAACTCAGAAAGAAAA	0.00650%	AC17
CCAGTGCGATTTCACAAAAT	0.00650%	AC17
TTGTGTTGCTAATACATCTA	0.00650%	AC17
AACGGGCCTTTATTATTAAC	0.00650%	AC17
AAATCTCAGGAAAAATAATC	0.00650%	AC17
ATTTTCTTCTAATTGTTGTC	0.00650%	AC17
TTTAAAACCGGAAATACACC	0.00650%	AC17
AGGCGGTTTTTCATGACTGG	0.00650%	AC17
AAGTGGGGTAAATTGCGGTA	0.00650%	AC17
AAATATAACAATTATCAAGT	0.00650%	AC17
TTGTTCACGAAGTTCTAAAG	0.00650%	AC17
AGTCCAAGCCCTAATGCGAC	0.00650%	AC17
GGTATCTTTAATAATGTCTT	0.00650%	AC17
TATAACGTGAGACTATCGGT	0.00650%	AC17
GGCAGTTTTCATCGGCAATT	0.00650%	AC17
GAACCAGTTGAAGCACCGGA	0.00650%	AC17
GTAATCACACCATTTTTAAC	0.00650%	AC17
GTGAAGCTTAAACAAGGCAA	0.00650%	AC17
TTGATAAAACAAAACGGTAA	0.00650%	AC17
AAATATTCATTCACAAAAAT	0.00650%	AC17
AGGGTAGATTTACCCACATT	0.00650%	AC17
AAGTTATTTACGTTAAATGC	0.00650%	AC17
GTGAGTAACATAGTAAATGA	0.00650%	AC17
ATTCAAAATATGAGCATAAA	0.00650%	AC17
TGTTTAAACTTAATATTAGA	0.00650%	AC17
CGGTCGCCTGTCAAAATAAT	0.00650%	AC17
ATCTGTCAAAACTAGAGCTT	0.00650%	AC17
AATAAAGAGAAAATCTTAAT	0.00650%	AC17
AAACTTCACCATGCTGGAAT	0.00650%	AC17
TTTCCCAGCAAATTCAAATT	0.00650%	AC17
TCATCCCCCCTATCGGCTGA	0.00650%	AC17
TTGAGCTAACTGTTTTTTTA	0.00650%	AC17
ACCTGAGAAAATTTTAGAAT	0.00650%	AC17
AGAATCATTGCCGCAAGTAA	0.00650%	AC17
CTTCATCAATAGAATCAGCC	0.00650%	AC17
TTGAGTGGCGCGCACTGTCA	0.00650%	AC17
TTCCACAAATCTAATTCAGC	0.00650%	AC17
TTAAAGAACTCAAGCGGTTA	0.00650%	AC17
ATATGTGTGAAGGGGGATGT	0.00650%	AC17
AAATTCAGAAATGTAAATAT	0.00650%	AC17
AATATCCTTAAAAAACCAGA	32.17148%	AC18
TTGCTGCGCAGAATCGACAG	0.59646%	AC18
TTTATAAACTCAAAAAAAAA	0.05592%	AC18
GTAAAGTCAGTGATTCAGCT	0.03728%	AC18
TGCTGTTGCAGCAAATTCTG	0.01864%	AC18
CTTCAAATTGTGTTAACTCA	0.01864%	AC18
ATTTTGCAAGAGATAAAAAA	0.01864%	AC18
TTGCTGCGCAGAATCGACAC	0.01864%	AC18
TGTTCTGTTGTGGTTTCTTC	0.01864%	AC18
TCTTGTCTTGGCTTAAACGA	0.01864%	AC18
CTAATTTTTCTAACCAAATA	0.01864%	AC18
GTATTATATGTTTTTGAAAG	0.01864%	AC18
GGCGTTCACGTAAAATTTGC	0.01864%	AC18
CATTTCTTTTTCTACGATTT	0.01864%	AC18
GTAATCACACCATTTTTAAC	0.01864%	AC18
CTGAAAACGATTTTCTAAAT	0.01864%	AC18
TATTTGAATAATCTTCTTTA	0.01864%	AC18
AATATCCTTAAAAAACCAGA	4.72579%	AC19
TTGCTGCGCAGAATCGACAG	1.80863%	AC19
TTGCTGCGCAGAATCGACAC	0.05834%	AC19
TTTTTTCATTATAAGTTGCA	0.02917%	AC19
GTAAAGTCAGTGATTCAGCT	0.02917%	AC19
CGTTTTCCATGTTTGAACAT	0.02917%	AC19
CAATCGTGACTTGCTTAATT	0.02917%	AC19
TTGCCGAACTATGCTCTTTC	0.02917%	AC19
ACCCATCGAATAACTATCAT	0.02917%	AC19
ACTTTCAATTGGTTTAGATA	0.02917%	AC19
TTTGGAAAAGTTTTTGTTTC	0.02917%	AC19
AATCATTGGCAAAATGGTCC	0.02917%	AC19
AACTTGGAACTGACCAAAAA	0.02917%	AC19
TTTAAAACCGGAAATACACC	0.02917%	AC19
TTGTTCACGAAGTTCTAAAG	0.02917%	AC19
AGAATCATTGCCGCAAGTAA	25.34956%	AC2
AATATCCTTAAAAAACCAGA	24.65044%	AC2
TTGATAAAACAGAACGGTCA	0.02589%	AC2
TTGACCGTTCCCCTGTTTTT	0.01295%	AC2
TTTCGTTATCTGTTCAAAAA	0.01295%	AC2
ATCTGTCAAAACCAGAGCTT	0.01295%	AC2
TAATCAAAGTGGGTTTATCA	0.01295%	AC2
AAACCAGCTTTAATTTTAAG	0.01295%	AC2
TCTTGTCTTGGCTTAAACGA	0.01295%	AC2
AGCAAAAATATATAAAACTC	0.01295%	AC2
ATAAAATCCCATCATAAAAG	0.01295%	AC2
CTAATTTTTCTAACCAAATG	0.01295%	AC2
TGTTTGAACTTAATTTTAGA	0.01295%	AC2
AAAAGCTTCACTTGCTCCTC	0.01295%	AC2
TTGGCTTAATGCCTTTCTTA	0.01295%	AC2
TTTCCCAGCAAATTCAAATT	0.01295%	AC2
CTAAGTATATTTGGAACAGA	0.01295%	AC2
CTGTCGTGTAGCAATTTTCA	0.01295%	AC2
AATAGGAGCTTGAAGGACAG	0.01295%	AC2
TGTTTAAACTTAATTTTAAA	0.01295%	AC2
CTTCATCAATAGAATCAGCC	0.01295%	AC2
GTAAAGTCAGTGATTCAGCT	0.01295%	AC2
GGGATGAGGATACTGAAAAT	0.01295%	AC2
GGTATCTTTAATAATGTCTT	0.01295%	AC2
AATTGCTCCACGTATTGCAT	0.01295%	AC2
CTTTCGATTGTTCTGCAAGC	0.01295%	AC2
ACCAGTGACAAAAATAAAAG	0.01295%	AC2
AATATCCTTAAAAAACCAGA	7.35352%	AC20
TTGCTGCGCAGAATCGACAG	1.29768%	AC20
TTGCTGCGCAGAATCGACAC	0.11797%	AC20
AATAGGAGCTTGAAGGACAG	0.03932%	AC20
GAACCAGTTGAAGCACCAGC	0.03932%	AC20
AGAATCATTGCCGCAAGTAA	0.03932%	AC20
CATGAGGCTGACCAGTTTTA	0.03932%	AC20
TAAACGGGCTGTATTGGCAG	0.03932%	AC20
TTTTCAGGGGCCCAATACGC	0.03932%	AC20
TTGCGCTTACGTTCTTGGGT	0.03932%	AC20
AGCAAAAATATATAAAACTC	0.03932%	AC20
TAAATGCATCAAATCTTTAT	0.03932%	AC20
TTGATAAAACAGAACGGTCA	0.03932%	AC20
CCAGCAACAAAGTCAAAGTC	0.03932%	AC20
ATTAAGTCATCCATTAAAAT	0.03932%	AC20
TCTTGGTTTTCGTTTAAATC	0.03932%	AC20
GCCAGCCTCCACCAATAATA	0.03932%	AC20
TTTATAAACTCAAAAAAAAA	0.03932%	AC20
AATATCCTTAAAAAACCAGA	35.61571%	AC3
AGAATCATTGCCGCAAGTAA	11.41189%	AC3
TCGCTACGAAAAAGTGATAA	0.05308%	AC3
TTACTGAGAGAATTTAAGAA	0.05308%	AC3
TTCCACAAATCTAATTCAGC	0.05308%	AC3
GCAAGTTCTTCAATAATGCT	0.05308%	AC3
GGAAAAGACAGAACGTTAGT	0.05308%	AC3
TTGATAAAACAGAACGGTCA	0.05308%	AC3
TGTAAAGGTTTCTTTTCAAA	0.05308%	AC3
AATATCCTTAAAAAACCAGA	31.92226%	AC4
AGAATCATTGCCGCAAGTAA	12.75877%	AC4
GTAAAGTCAGTGATTCAGCT	0.02535%	AC4
ATCTGTCAAAACCAGAGCTT	0.01690%	AC4
TGCGTCAACATCGCAAGTTT	0.01690%	AC4
CTTCAAATTGTGTTAACTCA	0.01690%	AC4
CAATCGTGACTTGCTTAATT	0.00845%	AC4
TTGTCAAAAGGTCTCTTTAA	0.00845%	AC4
CACCAAAAAGTTCTTTAGCA	0.00845%	AC4
TTTATTAGGCTGAAATTGCC	0.00845%	AC4
TTTAAAACCGGAAATACACC	0.00845%	AC4
TTGCTTTTCATAACCAGAAT	0.00845%	AC4
GCAATGTCAGTTTCAGCCAA	0.00845%	AC4
ACCAGTGACAAAAATAAAAG	0.00845%	AC4
AATAATACGCATACCTTTAG	0.00845%	AC4
AAGAACCGACAAAATGCCCA	0.00845%	AC4
TTGATAAAACAGAACGGTCA	0.00845%	AC4
ATATAAACGAGACATCGTCT	0.00845%	AC4
CAACACCTGGTGAGTGAGTT	0.00845%	AC4
TCAGTTGATAAGGCACCATG	0.00845%	AC4
TCTACAGTCGAAAATTAACC	0.00845%	AC4
CATCATATTTAAAACCAGAA	0.00845%	AC4
ATAAAGACTTAGCCAAGTTT	0.00845%	AC4
ATCCAAGAAAAAATTAGCCC	0.00845%	AC4
AACTTGGAACTGACCAAAAA	0.00845%	AC4
CATTTCTTTTTCTACGATTT	0.00845%	AC4
TCTTGTCTTGGCTTAAACGA	0.00845%	AC4
AGGCGGTTTTGCATGAATGG	0.00845%	AC4
TCATGACGTACATAAATAGC	0.00845%	AC4
AACGCCCCCATTCAGCATTG	0.00845%	AC4
AATATCCTTAAAAAACCAGA	35.31560%	AC5
AGAATCATTGCCGCAAGTAA	0.83464%	AC5
AAATGTATCAATGTTCGAGA	0.05216%	AC5
ACCCGTATAAGTCGTCAAAC	0.05216%	AC5
AACGGGCCTTTATTATTAAC	0.05216%	AC5
TCAAGAACAGGTACAACAAC	0.05216%	AC5
GAGCTTTTTCTAAAGCAAGT	0.05216%	AC5
AATATCCTTAAAAAACCAGA	42.37466%	AC6
AGAATCATTGCCGCAAGTAA	0.86008%	AC6
TAGCTTGACCAGATTTAAGA	0.02098%	AC6
GATTTACTTGAGAAGGATAC	0.02098%	AC6
GTATGGCTTTAATTCAGTTT	0.02098%	AC6
GGCCCCGAGAGTTGCAAACC	0.02098%	AC6
AATACTGATTGAACCGATAT	0.02098%	AC6
TTGATAAAACAGAACGGTCA	0.02098%	AC6
TAAAATACCGCCAGAAGTTT	0.02098%	AC6
TTTCCCAGCAAATTCAAAGT	0.02098%	AC6
GCCTTGGTGTTCAGCGTGCA	0.02098%	AC6
AACGCCCCCATTCAGCATTG	0.02098%	AC6
CTTCATCAATAGAATCAGCC	0.02098%	AC6
AACCAAACTCAGAAAGAAAA	0.02098%	AC6
TTTTCAGGGGCCCAATACGC	0.02098%	AC6
AACGGTTATGCAAAACAATA	0.02098%	AC6
GTAAAGTCAGTGATTCAGCT	0.02098%	AC6
GCAATTACTTCACCTTGAAA	0.02098%	AC6
CGCCAGGAGCAAATTCAGGA	0.02098%	AC6
GGGATGAGGATACTGAAAAT	0.02098%	AC6
AGAATATAGTTTGAAATTGG	0.02098%	AC6
CCAACTACAACGCCAGTAAT	0.02098%	AC6
AATATCCTTAAAAAACCAGA	43.11888%	AC7
AGAATCATTGCCGCAAGTAA	0.17043%	AC7
CTTCAAATTGTGTTAACTCA	0.08522%	AC7
TTGCTTTTCATAACCAGAAT	0.04261%	AC7
TATGCAATCACCAAAAATAA	0.04261%	AC7
AACGCCCCCATTCAGCATTG	0.04261%	AC7
TTGATAAAACAGAACGGTCA	0.04261%	AC7
TTGCTGCGCAGAATCGACAG	0.04261%	AC7
TTGAGAATTCTCAATGGTGA	0.04261%	AC7
CGGATGAGGATACTGAAAAT	0.04261%	AC7
CATGTGAAGAAGATTTAGTC	0.04261%	AC7
TTTTTTCATTATAAGTTGCC	0.04261%	AC7
AATAATTTCTGCTAATTTGA	0.04261%	AC7
AATATCCTTAAAAAACCAGA	28.34891%	AC8
AGAATCATTGCCGCAAGTAA	0.31153%	AC8
CTTCAAATTGTGTTAACTCA	0.31153%	AC8
GCTACCCAAAATACCAGCCA	0.31153%	AC8
TGCATCCAGCCCGGATCAAA	0.31153%	AC8
AAATAAAAGAAAATAATTTA	0.31153%	AC8
AATATCCTTAAAAAACCAGA	43.18500%	AC9
TCTTGTCTTGGCTTAAACGA	0.05598%	AC9
TTGTCAAAGCAATAAAAAGT	0.02799%	AC9
GGTATCTTTAATAATGTCTT	0.02799%	AC9
TGAAAAGCATGTTCATTAAA	0.02799%	AC9
ATTTTGCAAGAGATAAAAAA	0.02799%	AC9
TACTTAGCGAGCAACAATAT	0.02799%	AC9
ACCAGTGACAAAAATAAAAT	0.02799%	AC9
TTGAAGCATTGAAACAAGGG	0.02799%	AC9
CCAGCAACAAAGTCAAAGTC	0.02799%	AC9
TTTTTAGCCACAAGCCAAAA	0.02799%	AC9
ACGAATAAAATACCTAAATC	0.02799%	AC9
ACGAAAGATCTTCGATCATT	0.02799%	AC9
ATTGCGTTACCAGCATAGCT	0.02799%	AC9
GTAAAGTCAGTGATTCAGCT	0.02799%	AC9
AAACGGTGGTGGTGCAGGTT	0.02799%	AC9
TCTCAGTAATAAAACATACT	0.02799%	AC9
