ACAATTTGACGATCTTGCAA	512	AC21
AATATCCTTAAAAAACCAGA	506	AC21
ATCTTCTCTTGCTTGCTTCA	1	AC21
TAAATACATAAGGAATATCA	1	AC21
ACCTAACTGAATTTTGAAAG	1	AC21
AAATCGTTTTCGGAAATAGT	1	AC21
GCATCGTTACTCACAACAGT	1	AC21
TGCATACGCAATCGCAATAA	1	AC21
CTAATAAGAGATGTTGATGA	1	AC21
ACCGGCAATACCACTTGCAT	1	AC21
CGCTTAACCATTTCGATAAC	1	AC21
ACAATTTGACGATCTTGCAA	492	AC22
AATATCCTTAAAAAACCAGA	459	AC22
CTAATAAGAGATGTTGATGA	1	AC22
CATGATGACCATCATGGCCA	1	AC22
ATTCACCCAGATAAGTAAAC	1	AC22
TATTATTTCTGAGTAACTTA	1	AC22
ACCAACATAATGTCGATTAG	1	AC22
ACATGATACCAATCTTTTTA	1	AC22
CCTTGTTGTTGGTTACGGTC	1	AC22
TCACATAGCTCTTAACTTGC	1	AC22
GCAACTTCAATACCTGGAAC	1	AC22
CTCAATGAGTTCCTCTTTAT	1	AC22
AATATCCTTAAAAAACCAGA	1062	AC23
ACAATTTGACGATCTTGCAA	362	AC23
GAACCAGTTGAAGCACCAGA	1	AC23
CAAATGGATGCGGAAACCAG	1	AC23
CAACACCCATCCGCCAGCAT	1	AC23
ACCAATGGTTCAGCCAAGTG	1	AC23
GGAGAGCTAGGTGCCGAAGT	1	AC23
TTTAAGCCATCACTGATATG	1	AC23
GCATCAACGGCAACATCACA	1	AC23
TAAACCTTCAATTAAAATCT	1	AC23
AATATCCTTAAAAAACCAGA	872	AC24
ACAATTTGACGATCTTGCAA	252	AC24
AAATCGGCAGATAAAATAGA	1	AC24
TACGCCGTCTTTCAATGCAC	1	AC24
TTAACGGCATCTTCACTATC	1	AC24
AGTATCCGGCAGGTTTAGCG	1	AC24
ATCACAACGCGATCATGTAA	1	AC24
GACCAAAAAGTTGAGATAAC	1	AC24
CTCGTTCAATTAAACCTGAC	1	AC24
AATATCCTTAAAAAACCAGA	600	AC25
ACAATTTGACGATCTTGCAA	3	AC25
ACGGTCCATAATGACGTACA	1	AC25
GTAAAATGCCTGATGGAATG	1	AC25
AAGTTGATTATTGTCTATGT	1	AC25
AATATCCTTAAAAAACCAGA	857	AC26
ACAATTTGACGATCTTGCAA	2	AC26
CCACTGATTCCGTGAAATTT	1	AC26
AGAATCATTGCCGCAAGTAA	1	AC26
ATTTCGTTTGAATCTTCATC	1	AC26
TTTTTGCGGCATCAAGATCT	1	AC26
AGCCGATAACTCACAAATCT	1	AC26
CAATCGTGTTGTACTTCAGC	1	AC26
AATATCCTTAAAAAACCAGA	645	AC27
ACAATTTGACGATCTTGCAA	77	AC27
CGAATTGCTTCGGCGATCAT	1	AC27
TGCCAATAAGATGAAATACA	1	AC27
AATATCCTTAAAAAACCAGA	590	AC28
ACAATTTGACGATCTTGCAA	68	AC28
AATAATTCTTTGAGCTTGCT	1	AC28
ACGATGACACGTTGTTGCAT	1	AC28
TCAATGGCTAAATTGTGTGG	1	AC28
AATATCCTTAAAAAACCAGA	958	AC29
ACTAAAGCATTAATTTGTTG	1	AC29
TTGAGAATTCTGAATGGTGA	1	AC29
AATATCCTTAAAAAACCAGA	1699	AC30
CCAGCACTACCATCCATAAT	1	AC30
CGGTCGTACTTTTTTCTAGG	1	AC30
GGTACGGTAATTGACTCATA	1	AC30
CGCAAATCTTGATTGGAAAT	1	AC30
AGTTGGGTTAAAACGTGTCC	1	AC30
CCTTGTTGTTGGTTACGGTC	1	AC30
CAAATGCTTCTGGAGTATCT	1	AC30
ACCCACAAAAAGGCATCAGA	1	AC30
TACCAATTGCTCCAGTAAGC	1	AC30
GTTAAATCTTGCTCTGGTTT	1	AC30
CACAATAACCAATAATTTTA	1	AC30
CCAGCACTACCATCCATAAT	438	AC31
AATATCCTTAAAAAACCAGA	415	AC31
CCAGCACTACCATCCATAAG	1	AC31
TATCCTTATCAGGATCATAG	1	AC31
CCTTGTTGTTGGTTACGGTC	1	AC31
GCTTGGTTCGCAGCTGTTGT	1	AC31
TACGCCGTCTTTCAATGCAC	1	AC31
CTTCAAATTGTGTTAACACA	1	AC31
TCACCGTCAAGCGTGTGTGC	1	AC31
TTATAACGTTGTTTGAATTC	1	AC31
AACCACGGTTTAACATGACA	1	AC31
CCAGCACTACCATCCATAAT	359	AC32
AATATCCTTAAAAAACCAGA	324	AC32
CCAGCACTACCATCCATAAG	1	AC32
TTTTGGCACACTTGTGTTCT	1	AC32
AGTCAATTGCTGGCGTTTCA	1	AC32
TCCAACGTTTAACACCACCT	1	AC32
AATATCCTTAAAAAACCAGA	598	AC33
CCAGCACTACCATCCATAAT	411	AC33
CCAGCACTACCATCCATAAG	1	AC33
GCGCCCATTTCCATGTCGTA	1	AC33
TCCTAGCGCGTCTGAAGCTT	1	AC33
ATAAGTGAAATTTCAGATTG	1	AC33
CATGGGGCGAGGTTTCAAGA	1	AC33
TTGAGAATTCTGAATGGTGA	1	AC33
TTGTCGTGTAGCAATTTTCA	1	AC33
TTTAAAACGAACCTTATATC	1	AC33
GAACCAGAAATGAGACTATT	1	AC33
TTTGACCACTTTATTTTCTG	1	AC33
CACTTCAAAGCGCTGATGGC	1	AC33
CACCATTCACAAAAGTAAGA	1	AC33
TTGGCTTAATGCCTTTCTTA	1	AC33
AATATCCTTAAAAAACCAGA	261	AC34
CCAGCACTACCATCCATAAT	222	AC34
GCCCCAATAAGGTTTTAAAT	1	AC34
CAGGTCCATGAATCTTTTTC	1	AC34
CTAATAAAAAACGACTTCCA	1	AC34
CGTTTACGGCGCATGGATGC	1	AC34
CCAGCACTACCATCCATAAT	1174	AC35
AATATCCTTAAAAAACCAGA	135	AC35
CCAGCACTACCATCCATAAG	3	AC35
AACGGTAATAAGATAATTAT	1	AC35
CCAGCACTACCTTCCATAAT	1	AC35
AATGCAACTTTTTTAAATAG	1	AC35
TCAACGACTATAGTTTCTAG	1	AC35
CCTTGTTGTTGGTTACGGTC	1	AC35
GAAACAAGTTGTTGCAGCAG	1	AC35
CTAAAGGTTGTAGTACTTTA	1	AC35
CCAGCACTACCATCCATAAT	834	AC36
AATATCCTTAAAAAACCAGA	62	AC36
AAAGCTACCGCCCCCTAAAA	1	AC36
CCAGCACTACCATCCATAAG	1	AC36
GCTCTTGAATTTTTACAAAA	1	AC36
TTAACGGCATCTTCACTATC	1	AC36
CCAAGAAGTGTTCGAATACG	1	AC36
AAAAATGGAAGCACAGGTAC	1	AC36
AAACGATGACACCTGATAAA	1	AC36
CAACTTGATCGCTTTGGTCT	1	AC36
AACGGAACAAGGATCAGCGC	1	AC36
AATATCCTTAAAAAACCAGA	1066	AC38
CCAGCACTACCATCCATAAT	556	AC38
AACCACGGTTTAACATGACA	1	AC38
AAGTAGCACCGTTAAGTGTC	1	AC38
CTACTTCTTCAGCTACTAAA	1	AC38
TCTAGAAACTGCGGACGTTC	1	AC38
AACCAACAGAACCTAAGGAT	1	AC38
ACGGTCCATAATGACGTACA	1	AC38
CCGCCATAATAGCGTTTGCC	1	AC38
GAGTCGGCTTGTACAAGTTC	1	AC38
CCACTGCGATTTCACAAAAT	1	AC38
CCAGCACTACCATCCATAAT	823	AC39
AATATCCTTAAAAAACCAGA	35	AC39
CCAGCACTACCATCCATAAG	1	AC39
CACATCAAAATGCACTACAT	1	AC39
TCACCGTCAAGCGTGTGTGC	1	AC39
AAACGATGACACCTGATAAA	1	AC39
CCACTGCGATTTCACAAAAT	1	AC39
CCAGCACTACCATCCATAAT	861	AC40
AATATCCTTAAAAAACCAGA	53	AC40
ACAATTTGACGATCTTGCAA	1	AC40
AGCGTGATCGTTTGTTCAGT	1	AC40
ATAAAGGTTCCTGTCCATGC	1	AC40
